country,year,medal,count,population
Turkey,1972,Silver,1,36587261
Spain,2012,Bronze,25,46773055
Poland,1968,Gold,5,32294655
Finland,1960,Bronze,9,4429634
Australia,1964,Silver,6,11167000
Netherlands,1996,Gold,38,15530498
Bahrain,2012,Bronze,1,1299943
Colombia,2004,Bronze,2,42075955
Netherlands,1988,Gold,6,14760094
United States of America,1972,Silver,77,209896000
China,2004,Silver,29,1296075000
North Korea,2000,Bronze,3,22929075
Afghanistan,2012,Bronze,1,31161376
Pakistan,1992,Bronze,16,113911126
South Africa,2000,Silver,2,44967708
Ireland,1980,Silver,2,3412800
Sweden,1976,Bronze,2,8222286
Latvia,2000,Gold,1,2367550
Malaysia,2016,Bronze,1,30684804
Jamaica,2016,Silver,17,2906238
Russia,1968,Bronze,69,128928000
New Zealand,1988,Bronze,16,3283400
Nigeria,1996,Gold,17,110668794
Gabon,2012,Silver,1,1749682
United States of America,1996,Bronze,52,269394000
Austria,2008,Bronze,2,8321496
South Korea,2014,Gold,7,50746659
Spain,1996,Bronze,22,39889852
Poland,1988,Silver,9,37824487
Australia,1984,Gold,7,15544000
Russia,1964,Bronze,60,125345000
South Korea,2014,Silver,5,50746659
Netherlands,1980,Silver,3,14149800
North Korea,1996,Silver,1,22113438
Sweden,1960,Silver,4,7484656
Czech Republic,2012,Silver,4,10510785
Indonesia,2008,Silver,2,235469762
Denmark,1998,Silver,5,5304219
Italy,2008,Bronze,20,58826731
Costa Rica,1988,Silver,1,2960929
Armenia,1996,Silver,1,3168221
South Korea,2000,Silver,26,47008111
United Kingdom,1972,Gold,8,56086065
Ethiopia,1960,Gold,1,22151278
New Zealand,1984,Silver,1,3227100
Norway,2004,Gold,5,4591910
Austria,2016,Bronze,2,8736668
United Kingdom,1996,Gold,2,58166950
Slovenia,2012,Gold,1,2057159
Mozambique,2000,Gold,1,17711927
France,2006,Bronze,10,63621381
Bulgaria,2000,Bronze,2,8170172
Spain,2000,Bronze,20,40567864
South Africa,2016,Gold,2,56203654
Germany,1964,Silver,48,75318337
Croatia,1992,Silver,12,4575818
Greece,1996,Silver,4,10608800
United States of America,2004,Bronze,71,292805298
Poland,2008,Gold,6,38125759
Ethiopia,1964,Gold,1,24397022
Belarus,2002,Bronze,1,9865548
Switzerland,1980,Silver,4,6319408
Egypt,2016,Bronze,3,94447072
Australia,2000,Bronze,54,19153000
Brazil,1988,Silver,17,143627503
Greece,2008,Silver,3,11077841
Brazil,2004,Gold,18,184006481
New Zealand,1964,Gold,4,2585400
Switzerland,2008,Silver,1,7647675
Ukraine,2008,Silver,5,46258200
Lithuania,2012,Gold,2,2987773
Norway,2002,Silver,11,4538159
Finland,1984,Silver,5,4881803
Lithuania,2000,Gold,2,3499536
Canada,2010,Silver,15,34004889
Kenya,1972,Gold,5,12146068
Romania,1964,Silver,4,18919126
France,1960,Gold,1,46621669
Romania,2008,Gold,5,20537875
Finland,1960,Silver,4,4429634
Australia,1976,Bronze,8,14033000
Bulgaria,2004,Bronze,14,7716860
Ukraine,2012,Gold,9,45593300
Hungary,1980,Bronze,40,10711122
Netherlands,2016,Bronze,13,17030314
Belgium,1996,Silver,2,10156637
Norway,1998,Bronze,12,4431464
Brazil,1980,Bronze,5,120694009
Germany,2004,Gold,41,82516260
Finland,1980,Gold,4,4779535
Netherlands,1988,Bronze,38,14760094
United States of America,1998,Bronze,5,275854000
India,1972,Bronze,14,581087256
Austria,1972,Bronze,4,7544201
Canada,1980,Silver,1,24515667
Azerbaijan,1996,Silver,1,7763000
Qatar,2000,Bronze,1,592468
Israel,2000,Bronze,1,6289000
Turkey,1996,Silver,1,59423282
Puerto Rico,2012,Silver,1,3634488
Norway,1968,Bronze,2,3816486
New Zealand,1992,Bronze,5,3531700
Indonesia,1992,Gold,2,187739786
North Korea,2008,Silver,1,24310142
Slovakia,2008,Bronze,1,5379233
Iraq,1960,Bronze,1,7289760
South Korea,1964,Bronze,1,27984155
Mexico,2016,Silver,3,123333376
Belarus,2008,Silver,5,9527985
Cuba,1980,Silver,7,9849459
Spain,1976,Silver,6,36137812
North Korea,2016,Bronze,2,25307744
Azerbaijan,2008,Silver,2,8763400
Portugal,2008,Gold,1,10558177
Slovakia,2010,Silver,1,5391428
Australia,1960,Gold,11,10276477
Romania,1968,Silver,9,19799831
Italy,1996,Silver,24,56860281
Uzbekistan,1996,Bronze,1,23225000
Egypt,1984,Silver,1,47968642
United Kingdom,1960,Silver,11,52400000
Poland,2012,Bronze,8,38063164
Singapore,2008,Silver,3,4839396
Poland,2004,Gold,4,38182222
China,2014,Bronze,5,1364270000
Cuba,1976,Bronze,14,9554188
Spain,1988,Gold,1,38766939
Canada,2008,Silver,13,33247118
Nigeria,2004,Bronze,8,135320422
Netherlands,1984,Gold,20,14424211
Colombia,2008,Silver,1,44254975
Ireland,1992,Silver,1,3558430
Argentina,2008,Bronze,31,40080160
Bulgaria,2000,Silver,6,8170172
Greece,2012,Bronze,3,11045011
Russia,2002,Silver,5,145306046
Jamaica,2004,Silver,1,2725015
Romania,2012,Gold,2,20058035
Brazil,2004,Bronze,3,184006481
Venezuela,1980,Silver,1,15182611
Bahamas,2000,Bronze,5,298051
Iran,1976,Bronze,1,33733961
Kyrgyzstan,2008,Bronze,1,5318700
United States of America,2008,Bronze,80,304093966
Mongolia,2012,Silver,2,2824699
Sweden,1968,Gold,7,7912273
Sweden,1992,Bronze,13,8668067
Thailand,1996,Gold,1,60130186
New Zealand,1972,Bronze,1,2903900
Brazil,1992,Silver,1,154259380
Germany,1996,Gold,42,81914831
North Korea,1996,Bronze,2,22113438
Norway,1972,Bronze,11,3933004
Belgium,2000,Silver,3,10251250
Finland,2008,Bronze,2,5313399
United States of America,1988,Silver,67,244499000
Austria,1968,Gold,3,7415403
France,2006,Gold,3,63621381
Iran,2012,Gold,4,75539862
Italy,2014,Bronze,12,60789140
Canada,2004,Silver,10,31940655
Romania,2012,Silver,8,20058035
Algeria,2000,Silver,1,31042235
Netherlands,1972,Bronze,4,13328593
Morocco,1988,Bronze,2,23903592
Thailand,2004,Silver,1,64995299
South Africa,2016,Bronze,14,56203654
Brazil,1972,Bronze,2,99859383
Kazakhstan,2012,Bronze,5,16792089
Greece,2008,Bronze,4,11077841
Belgium,2012,Bronze,2,11106932
Turkey,1964,Silver,3,30244261
Greece,1992,Gold,2,10399061
Croatia,2004,Bronze,3,4304600
Belgium,1984,Silver,2,9855372
Indonesia,2016,Gold,2,261554226
Canada,1994,Bronze,5,29000663
United Kingdom,1964,Bronze,5,54000000
Denmark,1972,Gold,1,4991596
Sweden,1964,Gold,9,7661354
Finland,2006,Bronze,7,5266268
Canada,2010,Gold,67,34004889
Switzerland,2012,Silver,2,7996861
Austria,2006,Bronze,7,8268641
Liechtenstein,1984,Bronze,2,27036
Turkey,2004,Gold,3,67010930
Czech Republic,2004,Bronze,6,10197101
Burundi,2016,Silver,1,10487998
Poland,1964,Gold,10,31139450
Cuba,2016,Bronze,4,11335109
Denmark,2004,Gold,19,5404523
France,2000,Silver,30,60912500
Austria,1964,Bronze,3,7223801
Greece,1988,Bronze,1,10036983
Austria,1992,Gold,9,7840709
Kuwait,2000,Bronze,1,2045123
Finland,1996,Bronze,1,5124573
Trinidad,2012,Bronze,5,1344817
Czech Republic,2014,Gold,2,10525347
Ivory Coast,2016,Bronze,1,23822714
Venezuela,2016,Bronze,2,29846179
Netherlands,1998,Gold,5,15707209
Moldova,2000,Silver,1,3639592
Dominican Republic,2012,Silver,1,9930911
China,2002,Gold,2,1280400000
North Korea,1980,Silver,3,17472140
Argentina,1968,Bronze,2,23168267
Hungary,1976,Bronze,35,10598677
Hungary,2016,Silver,3,9814023
Mexico,2000,Gold,1,98899845
United Kingdom,2004,Gold,17,59987905
Croatia,2014,Silver,1,4238389
United States of America,1980,Gold,24,227225000
Latvia,2008,Gold,1,2177322
Germany,1980,Gold,131,78288576
Kazakhstan,2004,Bronze,3,15012985
Greece,1960,Gold,3,8331725
Switzerland,1960,Silver,6,5327827
United Kingdom,1980,Gold,6,56314216
Mongolia,1992,Bronze,2,2243495
Denmark,1980,Bronze,2,5123027
New Zealand,2008,Gold,4,4259800
Vietnam,2000,Silver,1,79910412
South Africa,2008,Silver,1,49779471
Colombia,1992,Bronze,1,34422569
Ukraine,1996,Gold,10,51057189
United States of America,2000,Bronze,51,282162411
Netherlands,1980,Gold,1,14149800
Slovakia,1996,Silver,1,5373361
France,1992,Silver,11,58851217
Brazil,2016,Silver,8,206163058
Slovenia,2016,Bronze,1,2065042
Japan,2000,Silver,31,126843000
Netherlands,2014,Silver,7,16865008
Finland,1972,Silver,10,4639657
Italy,2016,Gold,8,60627498
Canada,2006,Bronze,11,32571174
Trinidad,2000,Bronze,1,1267153
Austria,1998,Silver,5,7976789
Kenya,2016,Gold,6,49051686
Finland,1968,Bronze,6,4626469
Switzerland,1992,Gold,3,6875364
Poland,1968,Silver,2,32294655
Ukraine,2014,Bronze,1,45271947
Austria,1980,Silver,5,7549433
Czech Republic,1980,Gold,17,10304193
North Korea,2008,Bronze,3,24310142
Portugal,2004,Bronze,1,10483861
Turkey,1992,Silver,2,55748948
Azerbaijan,2016,Silver,7,9757812
Djibouti,1988,Bronze,1,528999
Belarus,1998,Bronze,2,10069000
Slovakia,2000,Bronze,1,5388720
India,2000,Bronze,1,1056575549
Cameroon,2004,Gold,1,17259322
Ecuador,2008,Silver,1,14535739
Mongolia,2008,Gold,2,2631898
Switzerland,2016,Bronze,2,8373338
Switzerland,2008,Bronze,7,7647675
Italy,2006,Bronze,14,58143979
United States of America,2014,Gold,10,318386421
Finland,1968,Silver,4,4626469
France,2004,Gold,21,62704895
Austria,1972,Gold,1,7544201
Jamaica,2008,Silver,3,2781876
Bulgaria,2002,Bronze,2,7837161
United States of America,2010,Bronze,22,309326085
South Korea,2002,Silver,2,47644736
South Korea,1976,Silver,1,35848523
Finland,2000,Silver,1,5176209
Ukraine,1996,Silver,5,51057189
Turkey,1992,Gold,2,55748948
Bahamas,1992,Bronze,1,266029
Morocco,2016,Bronze,1,35126296
Russia,2002,Bronze,27,145306046
Australia,1988,Bronze,11,16532200
Czech Republic,2002,Silver,2,10196916
Venezuela,1976,Silver,1,13572208
South Korea,2012,Bronze,30,50199853
Japan,1964,Bronze,25,97826000
Poland,2000,Silver,10,38258629
Australia,1984,Silver,14,15544000
Estonia,2012,Silver,1,1322696
Cuba,1964,Silver,1,7793262
Bahamas,1996,Silver,5,283978
Canada,1968,Silver,4,20744000
Romania,1980,Silver,15,22242653
Japan,2010,Silver,5,128070000
Canada,1964,Bronze,2,19325000
Hungary,1980,Gold,8,10711122
Nigeria,1996,Silver,4,110668794
United States of America,2008,Silver,110,304093966
France,2012,Gold,30,65659809
Barbados,2000,Bronze,1,271515
China,2012,Silver,40,1350695000
Russia,1988,Gold,174,146857000
Norway,1972,Gold,4,3933004
Austria,1994,Gold,2,7936118
Finland,1998,Gold,2,5153498
Nigeria,1972,Bronze,1,58665808
Switzerland,2000,Silver,11,7184250
Hungary,1976,Silver,6,10598677
Czech Republic,1968,Gold,8,9876346
Lithuania,2004,Silver,2,3377075
Kazakhstan,2000,Gold,3,14883626
Kenya,1996,Bronze,3,28589451
South Korea,1968,Bronze,1,30838302
Cuba,2016,Silver,2,11335109
Italy,2002,Silver,11,57059007
Spain,1992,Silver,19,39157685
Spain,2000,Gold,3,40567864
Italy,1964,Bronze,17,51675350
Russia,2008,Bronze,53,142742350
Brazil,2004,Silver,19,184006481
Switzerland,1972,Bronze,7,6260956
Egypt,2008,Bronze,1,79636079
Canada,2012,Bronze,33,34714222
France,2010,Bronze,6,65027507
Bahamas,2008,Bronze,1,343681
New Zealand,1960,Bronze,1,2371800
Italy,2008,Gold,8,58826731
Japan,2004,Gold,21,127761000
China,2010,Gold,9,1337705000
Russia,1988,Silver,81,146857000
Hungary,2000,Silver,24,10210971
Morocco,2008,Silver,1,31536811
Denmark,2004,Silver,1,5404523
Sweden,1960,Gold,7,7484656
Denmark,1988,Silver,1,5129516
Bulgaria,1980,Bronze,39,8861535
Ethiopia,1980,Gold,2,35141712
Serbia,2012,Bronze,14,7199077
Kenya,2000,Gold,2,31964557
Netherlands,2014,Bronze,9,16865008
Netherlands,2004,Gold,4,16281779
Norway,2002,Gold,23,4538159
Japan,1998,Bronze,4,126400000
New Zealand,1972,Silver,4,2903900
Ivory Coast,2016,Gold,1,23822714
Ireland,1996,Gold,3,3637510
Croatia,1992,Bronze,3,4575818
Kenya,1984,Bronze,2,19146400
Iran,2012,Silver,5,75539862
Australia,1980,Bronze,5,14692000
Bahamas,2000,Gold,6,298051
Switzerland,1992,Bronze,5,6875364
Turkey,1996,Gold,4,59423282
Uzbekistan,2008,Gold,1,27302800
Morocco,2004,Silver,1,30115214
Italy,2010,Silver,1,59277417
New Zealand,1992,Silver,10,3531700
Ukraine,2006,Bronze,3,46787750
United Kingdom,1976,Silver,15,56211968
Belarus,2012,Silver,12,9464495
Botswana,2012,Silver,1,2039551
Bahamas,2012,Gold,4,363584
Italy,1984,Bronze,28,56576718
Pakistan,1960,Bronze,1,44988690
Austria,2006,Silver,7,8268641
Sweden,1996,Silver,23,8840998
Mongolia,1996,Bronze,1,2316568
Chile,1988,Silver,1,12847708
Slovenia,2008,Silver,2,2021316
Moldova,1996,Silver,2,3667748
Slovakia,2000,Silver,3,5388720
Norway,2008,Gold,16,4768212
Switzerland,1980,Gold,4,6319408
France,1996,Gold,21,59753100
Switzerland,2004,Bronze,4,7389625
Finland,2014,Silver,7,5461512
France,1980,Silver,5,55161527
Germany,2010,Bronze,15,81776930
Thailand,2000,Bronze,2,62952642
Ireland,2012,Bronze,3,4599533
Belgium,1996,Gold,2,10156637
Nigeria,1984,Bronze,4,81448755
Finland,2014,Gold,2,5461512
Romania,1976,Silver,28,21551634
New Zealand,1968,Bronze,2,2748100
Netherlands,2012,Bronze,19,16754962
Sweden,2014,Silver,32,9696110
China,2016,Gold,46,1378665000
Japan,1984,Silver,9,120018000
Italy,1996,Gold,19,56860281
Romania,1972,Silver,10,20657957
Poland,2012,Gold,2,38063164
Mongolia,2016,Silver,1,3056359
Uzbekistan,2008,Silver,2,27302800
China,2004,Bronze,15,1296075000
Germany,1968,Gold,34,77294314
North Korea,2000,Silver,1,22929075
China,2002,Bronze,9,1280400000
North Korea,2012,Gold,4,24800612
Croatia,2006,Gold,1,4311159
Germany,1976,Gold,137,78336950
Germany,1996,Bronze,47,81914831
China,2000,Gold,39,1262645000
Bulgaria,1972,Bronze,6,8576200
Netherlands,1992,Silver,21,15184166
Russia,2004,Silver,46,144067054
Sweden,1964,Bronze,9,7661354
Australia,1976,Silver,15,14033000
Zimbabwe,1980,Gold,15,7408624
Poland,2008,Silver,13,38125759
Peru,1988,Silver,12,21153459
Poland,1960,Silver,12,29637450
China,2006,Gold,2,1311020000
Bulgaria,2016,Bronze,6,7127822
Bulgaria,1988,Bronze,17,8981446
Indonesia,2012,Bronze,1,248452413
China,1988,Bronze,30,1101630000
Serbia,2000,Gold,11,7516346
Ethiopia,2008,Gold,4,82916235
South Korea,2002,Gold,5,47644736
Russia,1992,Silver,71,148689000
Bulgaria,1968,Gold,2,8369603
Hungary,2004,Silver,12,10107146
Indonesia,1992,Bronze,1,187739786
Slovenia,2012,Bronze,3,2057159
Czech Republic,1976,Silver,23,10125939
Japan,1994,Gold,3,124961000
Cameroon,2000,Gold,18,15513945
Bahamas,2008,Silver,6,343681
Poland,1988,Gold,2,37824487
United Arab Emirates,2004,Gold,1,4068570
Finland,1996,Silver,2,5124573
Jamaica,1996,Silver,3,2558637
Slovakia,1996,Gold,1,5373361
Qatar,1992,Bronze,1,495395
Nigeria,2008,Silver,16,150269623
Thailand,2016,Gold,2,68971331
Netherlands,2016,Gold,9,17030314
Denmark,2004,Bronze,9,5404523
Sweden,1988,Silver,5,8436489
China,2008,Gold,74,1324655000
Denmark,1960,Gold,2,4579603
Tunisia,2012,Bronze,1,10847002
Serbia,2000,Silver,1,7516346
Turkey,1960,Silver,2,27472345
Belarus,2012,Bronze,8,9464495
Australia,1972,Gold,11,13177000
Mexico,2000,Silver,2,98899845
Nigeria,2000,Silver,2,122283850
Montenegro,2012,Silver,14,620601
Ethiopia,2016,Bronze,5,103603501
Thailand,2016,Silver,2,68971331
Slovakia,2010,Bronze,1,5391428
Germany,2002,Gold,26,82488495
Mongolia,1976,Silver,1,1520865
Russia,1998,Bronze,6,147670692
Canada,2014,Gold,59,35437435
Kenya,1972,Silver,3,12146068
France,1980,Bronze,7,55161527
Belgium,1984,Gold,1,9855372
Netherlands,1968,Gold,9,12729721
Ethiopia,1992,Bronze,2,51423585
United Kingdom,1988,Gold,22,56928327
Italy,1960,Silver,18,50199700
Russia,2000,Gold,66,146596557
Nigeria,2000,Gold,6,122283850
Togo,2008,Bronze,1,6083420
Italy,1984,Gold,31,56576718
Italy,1960,Bronze,35,50199700
Australia,1968,Bronze,11,12009000
Sweden,2010,Bronze,4,9378126
Poland,2008,Bronze,1,38125759
Japan,2012,Bronze,33,127629000
Romania,1984,Gold,40,22655940
Greece,2004,Bronze,5,10955141
Finland,1988,Silver,23,4946481
South Korea,2016,Bronze,10,51245707
Philippines,1992,Bronze,1,65020116
Bulgaria,2008,Gold,1,7492561
Indonesia,1988,Silver,3,174975954
United States of America,2006,Gold,9,298379912
Poland,1996,Bronze,7,38624370
Estonia,2010,Silver,1,1331475
France,1988,Gold,13,57627105
Germany,1994,Silver,10,81438348
Slovakia,2004,Gold,3,5372280
India,1996,Bronze,1,982365243
Japan,2012,Gold,7,127629000
Cuba,2000,Bronze,12,11126430
Australia,1960,Bronze,11,10276477
South Korea,2012,Gold,18,50199853
Grenada,2016,Silver,1,110261
Indonesia,1996,Bronze,3,199901228
Sweden,2000,Gold,4,8872109
Australia,2000,Silver,69,19153000
Bulgaria,1992,Silver,7,8540164
Puerto Rico,2012,Bronze,1,3634488
Austria,2014,Silver,12,8546356
Italy,1968,Gold,13,53235750
Italy,2016,Bronze,24,60627498
Japan,1988,Silver,3,122613000
Armenia,1996,Gold,1,3168221
Czech Republic,1996,Bronze,4,10315241
France,2010,Gold,2,65027507
Poland,2012,Silver,2,38063164
Sweden,2004,Bronze,2,8993531
Hungary,1992,Bronze,8,10369341
United States of America,1976,Silver,61,218035000
Switzerland,1994,Bronze,4,6993795
Austria,2010,Bronze,6,8363404
Turkey,2000,Bronze,2,63240194
United Kingdom,1994,Bronze,3,57865745
New Zealand,1984,Gold,16,3227100
Hungary,1996,Bronze,26,10311238
Canada,1976,Gold,1,23449808
Australia,2002,Gold,2,19651400
Belarus,2000,Silver,8,9979610
Spain,1972,Gold,1,34604469
United States of America,1960,Gold,100,180671000
Croatia,2006,Silver,2,4311159
Australia,2004,Bronze,31,20127400
North Korea,2012,Bronze,2,24800612
Romania,2000,Bronze,13,22442971
Italy,1996,Bronze,28,56860281
Japan,1960,Bronze,12,92500572
Italy,2000,Bronze,29,56942108
United Kingdom,1992,Bronze,39,57580402
North Korea,2016,Silver,3,25307744
Sweden,2014,Bronze,11,9696110
Mexico,1980,Bronze,9,67761372
Cameroon,2008,Gold,1,19252666
France,1996,Bronze,20,59753100
Poland,1968,Bronze,30,32294655
Czech Republic,2016,Gold,1,10566332
Czech Republic,2006,Gold,1,10238905
United States of America,2010,Silver,63,309326085
Germany,1964,Bronze,53,75318337
Switzerland,1998,Bronze,3,7110001
Algeria,2016,Silver,2,40551404
United Kingdom,2000,Bronze,12,58892514
Finland,1984,Gold,8,4881803
Netherlands,1994,Silver,1,15382838
Hungary,1968,Gold,32,10255815
Malaysia,2012,Bronze,1,29068159
Italy,1980,Bronze,8,56433883
China,2004,Gold,52,1296075000
Lithuania,1992,Gold,1,3700114
Portugal,1984,Gold,1,9996232
Japan,1972,Silver,20,107188000
Romania,1960,Silver,1,18406905
Georgia,1996,Bronze,2,4491699
China,2016,Bronze,37,1378665000
Canada,2010,Bronze,8,34004889
Hungary,1964,Gold,42,10119835
South Korea,1988,Gold,28,42031247
China,1994,Bronze,2,1191835000
Venezuela,1968,Gold,1,10702291
Hungary,1988,Silver,9,10596487
United Kingdom,1980,Bronze,24,56314216
Ethiopia,2004,Gold,2,74239505
Austria,1960,Gold,2,7047539
Iran,1976,Silver,1,33733961
Belarus,2012,Gold,3,9464495
Austria,2010,Gold,11,8363404
Germany,1992,Bronze,67,80624598
Sweden,2006,Silver,21,9080505
Ukraine,2004,Silver,8,47451600
Brazil,1988,Bronze,5,143627503
Sweden,2012,Gold,2,9519374
Estonia,2008,Gold,1,1337090
Japan,1976,Bronze,10,112771000
France,1998,Gold,2,60186288
Iran,1960,Bronze,3,21906914
Finland,2010,Bronze,46,5363352
Bulgaria,1964,Bronze,2,8144340
Finland,2000,Bronze,1,5176209
Germany,1988,Silver,113,78144619
Norway,2016,Bronze,19,5234519
Philippines,1996,Silver,1,71401749
Czech Republic,1998,Silver,1,10294373
Austria,1980,Bronze,4,7549433
Zimbabwe,2004,Bronze,1,12019912
Estonia,1992,Gold,1,1533091
Morocco,1996,Bronze,2,27383473
Georgia,2000,Bronze,6,4077131
Russia,2014,Silver,22,143819666
Hungary,2004,Gold,24,10107146
China,2000,Silver,23,1262645000
Uzbekistan,2012,Bronze,2,29774500
Poland,1960,Bronze,16,29637450
South Korea,1988,Silver,37,42031247
France,1960,Silver,6,46621669
Switzerland,1976,Silver,9,6302504
Sweden,1964,Silver,25,7661354
United Kingdom,2000,Gold,22,58892514
Romania,1960,Bronze,11,18406905
Azerbaijan,2004,Gold,1,8306500
Norway,1998,Gold,13,4431464
Estonia,2012,Bronze,1,1322696
Czech Republic,2000,Silver,3,10255063
Algeria,1996,Gold,2,29266405
Netherlands,1994,Bronze,3,15382838
Thailand,2012,Silver,2,67835957
Pakistan,1976,Bronze,16,68834326
Hungary,1960,Gold,13,9983967
Bahrain,2016,Gold,1,1425791
Cuba,1996,Bronze,10,10939293
Germany,1964,Gold,25,75318337
Poland,2016,Bronze,10,37970087
Romania,2004,Gold,23,21451748
Canada,2008,Gold,11,33247118
Norway,1992,Silver,30,4286401
Austria,1988,Silver,5,7585317
Armenia,2016,Gold,1,2936146
Colombia,2008,Bronze,1,44254975
Romania,2012,Bronze,6,20058035
Norway,1994,Bronze,5,4336613
Croatia,2004,Gold,15,4304600
Canada,1994,Gold,3,29000663
Italy,2002,Gold,4,57059007
Hungary,1960,Bronze,37,9983967
Finland,2010,Silver,1,5363352
France,2002,Bronze,5,61805267
Kazakhstan,1994,Gold,1,16095199
United Kingdom,1996,Bronze,9,58166950
Puerto Rico,1976,Bronze,1,3043854
Switzerland,2000,Bronze,2,7184250
Sweden,2016,Gold,2,9923085
Australia,2014,Silver,2,23475686
Kenya,1984,Gold,1,19146400
Slovakia,2014,Gold,1,5418649
Belgium,1960,Bronze,2,9153489
Spain,2008,Bronze,16,45954106
Denmark,2008,Bronze,6,5493621
Canada,2006,Gold,30,32571174
Turkey,1988,Silver,1,52053765
Argentina,2016,Silver,1,43590368
Belgium,2016,Gold,2,11331422
Denmark,1984,Bronze,10,5111619
Liechtenstein,1980,Gold,2,25879
Venezuela,2012,Gold,1,29362449
France,2002,Gold,5,61805267
Sweden,2016,Bronze,3,9923085
Saudi Arabia,2012,Bronze,4,29155187
Mexico,1992,Silver,1,87075138
Australia,1980,Gold,6,14692000
Latvia,2004,Silver,4,2263122
Italy,2012,Gold,16,59539717
Hungary,1980,Silver,15,10711122
China,1996,Gold,20,1217550000
Belgium,1972,Silver,2,9711115
Russia,1976,Bronze,88,135147000
Romania,1988,Gold,8,23057662
Syria,2004,Bronze,1,17827825
Belarus,2000,Gold,3,9979610
India,1980,Gold,16,698952844
Iceland,1984,Bronze,1,239511
Mongolia,1980,Bronze,2,1689622
Ukraine,2016,Silver,8,45004645
Netherlands,2000,Bronze,23,15925513
Belgium,1998,Bronze,1,10203008
Mongolia,1980,Silver,2,1689622
Sweden,2006,Gold,35,9080505
Germany,2004,Silver,45,82516260
Indonesia,2000,Bronze,2,211513823
Uzbekistan,2004,Bronze,2,25864350
Poland,2016,Silver,3,37970087
Jamaica,1980,Bronze,3,2162846
Tunisia,1964,Bronze,1,4461114
Indonesia,2004,Gold,1,223285676
Belarus,1996,Silver,6,10160000
New Zealand,2016,Gold,6,4693200
France,2004,Silver,10,62704895
Ukraine,2008,Bronze,16,46258200
Switzerland,1984,Bronze,8,6441865
United States of America,2006,Bronze,32,298379912
Bulgaria,1996,Gold,3,8362826
Germany,2016,Silver,43,82348669
Indonesia,1992,Silver,3,187739786
Finland,2004,Silver,2,5228172
Qatar,2016,Silver,1,2654374
Japan,1994,Silver,5,124961000
Hungary,1972,Silver,46,10398489
Uganda,1996,Bronze,1,21032821
South Africa,2004,Silver,3,47291610
Australia,1996,Bronze,84,18311000
Colombia,1984,Silver,1,29331238
Italy,2014,Silver,2,60789140
Denmark,2016,Silver,10,5728010
Belarus,2008,Gold,8,9527985
Slovenia,1992,Bronze,6,1996498
Turkey,2004,Silver,3,67010930
Netherlands,1968,Bronze,4,12729721
Azerbaijan,2012,Silver,2,9295784
Italy,1994,Silver,6,56843400
Russia,1996,Gold,36,148160042
Kazakhstan,2000,Silver,4,14883626
Cyprus,2012,Silver,1,1135046
Brazil,1964,Bronze,12,81064571
Denmark,1968,Silver,6,4864883
South Korea,2008,Gold,41,49054708
Czech Republic,2012,Bronze,6,10510785
Norway,1976,Silver,10,4026152
Germany,2008,Silver,16,82110097
Armenia,2012,Bronze,2,2884229
Mexico,1968,Gold,3,48431972
Australia,1996,Silver,16,18311000
Switzerland,1988,Bronze,7,6593386
Mexico,2008,Gold,2,110815271
Azerbaijan,2016,Bronze,10,9757812
Uzbekistan,2012,Gold,1,29774500
Mexico,1996,Bronze,1,93147044
Ukraine,2004,Bronze,31,47451600
Denmark,2016,Bronze,16,5728010
United States of America,1984,Gold,190,235825000
United Kingdom,2016,Silver,55,65595565
Canada,2002,Bronze,15,31360079
Armenia,2008,Bronze,6,2907618
Poland,2004,Silver,2,38182222
Italy,1992,Gold,25,56797087
Hungary,1992,Gold,14,10369341
Australia,2008,Gold,31,21249200
Iran,2016,Bronze,4,79564016
Netherlands,1980,Bronze,6,14149800
Sweden,2010,Silver,3,9378126
France,2006,Silver,2,63621381
New Zealand,1976,Bronze,9,3110500
Mexico,1976,Bronze,1,61242190
Russia,2012,Silver,39,143201676
United States of America,1994,Bronze,5,263126000
United Kingdom,1968,Bronze,5,55211700
Czech Republic,1964,Bronze,29,9727804
Mongolia,2016,Bronze,1,3056359
France,1996,Silver,10,59753100
Kenya,2012,Silver,4,44343410
Czech Republic,2004,Gold,1,10197101
United States of America,1998,Silver,4,275854000
Japan,2002,Silver,1,127445000
Russia,1972,Bronze,63,131909000
Greece,1968,Bronze,1,8740765
Switzerland,1960,Bronze,6,5327827
Poland,2002,Silver,1,38230364
Romania,1972,Bronze,27,20657957
Sweden,1992,Gold,2,8668067
India,1968,Bronze,16,531513824
Netherlands,2006,Bronze,8,16346101
Australia,2006,Gold,1,20697900
Saudi Arabia,2000,Bronze,1,20663843
Denmark,2012,Gold,3,5591572
China,1996,Bronze,17,1217550000
Brazil,1996,Gold,5,164614688
India,1964,Gold,15,488848135
China,1998,Bronze,5,1241935000
Poland,1960,Gold,4,29637450
Czech Republic,1968,Silver,26,9876346
United Kingdom,2002,Gold,5,59370479
Australia,1996,Gold,32,18311000
Belgium,1968,Silver,1,9618756
Colombia,2016,Bronze,3,48171392
Tunisia,1972,Silver,1,5291338
Poland,2014,Silver,4,38011735
Japan,2016,Gold,17,126994511
Russia,1984,Bronze,12,142745000
Switzerland,1996,Silver,6,7071850
Czech Republic,1992,Silver,3,10319123
Kenya,1988,Silver,2,22153676
Sweden,2004,Gold,5,8993531
Denmark,2000,Bronze,4,5339616
Cuba,1972,Bronze,18,9025345
Cuba,2016,Gold,5,11335109
Portugal,1996,Gold,1,10063945
South Africa,1960,Silver,1,17099840
Australia,2006,Bronze,1,20697900
Kenya,1988,Gold,5,22153676
Kyrgyzstan,2000,Bronze,1,4898400
Italy,2008,Silver,14,58826731
Finland,1972,Bronze,7,4639657
Greece,1984,Silver,1,9895801
Slovenia,2004,Bronze,3,1997012
Bulgaria,1968,Silver,21,8369603
Sweden,1984,Gold,10,8336605
Czech Republic,1964,Gold,5,9727804
Slovakia,2012,Bronze,4,5407579
Slovenia,2016,Silver,2,2065042
Japan,2010,Bronze,2,128070000
Canada,1984,Gold,21,25607053
United Kingdom,1992,Silver,3,57580402
France,2012,Bronze,22,65659809
Bulgaria,1964,Silver,5,8144340
Indonesia,1996,Silver,1,199901228
New Zealand,2000,Gold,1,3857700
Germany,1992,Gold,95,80624598
Norway,1988,Gold,2,4209488
Austria,1976,Bronze,4,7565525
Netherlands,2012,Silver,29,16754962
Sri Lanka,2000,Silver,1,18777601
Austria,2004,Silver,4,8171966
North Korea,1972,Bronze,13,15207771
Russia,2016,Bronze,35,144342396
Greece,1972,Silver,2,8888628
Japan,1980,Silver,1,116782000
Japan,2004,Bronze,52,127761000
Belarus,2014,Gold,5,9474511
Panama,2008,Gold,1,3516204
France,2008,Gold,25,64374984
Austria,1976,Silver,2,7565525
Ukraine,2000,Gold,3,49175848
Japan,2004,Silver,20,127761000
South Korea,2014,Bronze,2,50746659
Russia,1972,Silver,53,131909000
South Korea,2006,Silver,3,48438292
Switzerland,2002,Bronze,14,7284753
Hungary,1964,Silver,7,10119835
Georgia,2008,Gold,3,3848449
Canada,1968,Gold,4,20744000
Finland,1998,Bronze,49,5153498
Canada,2004,Bronze,4,31940655
Trinidad,2012,Silver,4,1344817
Ethiopia,2004,Bronze,2,74239505
United Kingdom,2014,Bronze,5,64613160
Germany,2014,Gold,15,80982500
Kyrgyzstan,2008,Silver,1,5318700
Poland,2010,Silver,3,38042794
India,2008,Gold,1,1200669765
Serbia,2008,Silver,1,7350222
France,1972,Bronze,17,52793138
Brazil,1996,Silver,15,164614688
Canada,1964,Gold,6,19325000
Netherlands,1996,Silver,9,15530498
Vietnam,2016,Silver,1,93638724
France,1968,Bronze,12,51175508
Portugal,2008,Silver,1,10558177
Argentina,1996,Bronze,1,35246374
Spain,2008,Silver,47,45954106
Argentina,1964,Silver,1,21824425
Croatia,2004,Silver,3,4304600
Finland,2012,Silver,1,5413971
Portugal,1996,Bronze,2,10063945
Canada,1976,Silver,10,23449808
United Kingdom,1972,Silver,9,56086065
Uganda,1968,Bronze,1,8841153
Sweden,2002,Silver,2,8924958
China,1996,Silver,70,1217550000
Ethiopia,1972,Bronze,2,30140804
Finland,1996,Gold,1,5124573
North Korea,1992,Bronze,7,20937404
Mexico,2016,Bronze,2,123333376
Indonesia,2004,Silver,1,223285676
China,1998,Silver,9,1241935000
Norway,1994,Silver,17,4336613
Bahrain,2016,Silver,1,1425791
Australia,2004,Gold,49,20127400
Portugal,2000,Bronze,2,10289898
Sweden,1988,Bronze,34,8436489
Ethiopia,1968,Silver,1,26944390
Spain,1980,Bronze,3,37491165
Netherlands,1988,Silver,8,14760094
Kenya,1968,Silver,7,10539894
Russia,1996,Bronze,34,148160042
Portugal,1988,Gold,1,10019610
United Kingdom,2016,Bronze,26,65595565
Jamaica,2008,Gold,5,2781876
India,1960,Silver,13,450547679
New Zealand,1988,Silver,4,3283400
Iran,1988,Silver,1,53077313
Denmark,1992,Gold,3,5171370
New Zealand,1964,Bronze,2,2585400
Italy,2006,Gold,11,58143979
Thailand,1988,Bronze,1,54891520
Russia,1980,Gold,205,139010000
Canada,1980,Bronze,1,24515667
Brazil,1984,Silver,33,132383568
Italy,1960,Gold,36,50199700
Australia,2000,Gold,60,19153000
New Zealand,2008,Bronze,9,4259800
Kenya,2016,Bronze,1,49051686
Jordan,2016,Gold,1,9551467
Chile,2004,Gold,3,16014971
Mexico,2000,Bronze,3,98899845
Sweden,2016,Silver,23,9923085
China,2006,Bronze,6,1311020000
Greece,1996,Gold,4,10608800
Latvia,2012,Gold,1,2034319
New Zealand,1976,Gold,15,3110500
China,2000,Bronze,17,1262645000
Russia,2010,Silver,5,142849449
Czech Republic,1960,Gold,4,9602006
Pakistan,1968,Gold,13,55102684
Australia,1992,Bronze,16,17495000
Russia,2012,Gold,50,143201676
Iran,2000,Bronze,1,65623405
Hungary,2012,Gold,12,9920362
Norway,2014,Bronze,13,5137232
Croatia,2012,Gold,15,4267558
United States of America,2006,Silver,11,298379912
Denmark,1996,Gold,21,5263074
Sweden,1996,Bronze,5,8840998
Switzerland,1964,Bronze,1,5789228
Norway,1980,Bronze,9,4085620
Mexico,1980,Silver,1,67761372
Japan,2014,Bronze,6,127276000
Hungary,1992,Silver,23,10369341
Kazakhstan,2016,Bronze,10,17794055
Latvia,2008,Silver,1,2177322
Netherlands,1992,Bronze,10,15184166
Japan,1998,Silver,1,126400000
Serbia,1996,Gold,1,7617794
Thailand,2004,Bronze,4,64995299
Ireland,2012,Silver,1,4599533
Algeria,1992,Bronze,1,27028326
Switzerland,1984,Gold,2,6441865
Jamaica,2012,Silver,9,2842132
Colombia,1988,Bronze,1,31822525
Kenya,1964,Bronze,1,9222692
France,1968,Gold,16,51175508
Malaysia,1992,Bronze,2,19002656
Romania,1960,Gold,3,18406905
Croatia,2010,Bronze,1,4295427
Iran,1964,Bronze,2,24307860
Germany,2006,Silver,25,82376451
Japan,1972,Gold,30,107188000
Switzerland,1996,Gold,5,7071850
Turkey,1996,Bronze,1,59423282
Austria,2010,Silver,9,8363404
Australia,2004,Silver,77,20127400
Finland,1976,Silver,12,4725664
Romania,1968,Gold,5,19799831
Sweden,1996,Gold,3,8840998
Austria,2014,Bronze,11,8546356
Germany,2006,Bronze,6,82376451
Mexico,2004,Bronze,1,104514932
Ethiopia,2000,Gold,4,66224804
Ghana,1960,Silver,1,6635230
Finland,1964,Gold,6,4548543
Italy,1972,Gold,12,54381345
Germany,2000,Silver,23,82211508
Saudi Arabia,2000,Silver,1,20663843
France,1984,Bronze,33,56337666
France,1972,Gold,2,52793138
South Korea,1992,Bronze,17,43747962
Norway,2004,Bronze,2,4591910
China,2008,Bronze,57,1324655000
Georgia,2004,Gold,2,3927340
Ethiopia,1968,Gold,1,26944390
New Zealand,2004,Silver,2,4087500
Switzerland,2016,Gold,6,8373338
Poland,2000,Gold,7,38258629
Hungary,2004,Bronze,4,10107146
Ukraine,1994,Bronze,1,51921041
Germany,1960,Silver,37,72814900
Georgia,2016,Silver,1,3727505
Cuba,1972,Gold,3,9025345
Sweden,1972,Bronze,10,8122300
France,1964,Gold,4,49230595
Australia,1964,Gold,8,11167000
Uzbekistan,1994,Gold,1,22377000
South Korea,1996,Bronze,7,45524681
Norway,1992,Bronze,6,4286401
Jamaica,1992,Silver,3,2461049
Kenya,2004,Silver,4,35635271
Romania,1976,Gold,4,21551634
Mongolia,1968,Bronze,3,1207104
United States of America,2016,Bronze,71,323071342
Austria,1988,Bronze,4,7585317
Finland,2008,Gold,1,5313399
South Africa,1996,Bronze,1,42241011
Brazil,1968,Bronze,3,90387079
Jamaica,2004,Bronze,6,2725015
Thailand,2012,Bronze,1,67835957
Czech Republic,1998,Bronze,1,10294373
India,2012,Silver,2,1265782790
Sweden,1980,Bronze,29,8310531
Romania,1996,Bronze,15,22619004
Kenya,2004,Bronze,2,35635271
United States of America,1996,Silver,48,269394000
Colombia,2016,Silver,2,48171392
United States of America,1960,Bronze,25,180671000
Japan,2014,Silver,4,127276000
Indonesia,2016,Silver,2,261554226
Spain,2004,Gold,4,42921895
North Korea,2008,Gold,2,24310142
New Zealand,1976,Silver,1,3110500
South Africa,2004,Gold,4,47291610
France,1998,Bronze,12,60186288
Switzerland,2012,Gold,2,7996861
United Arab Emirates,2016,Bronze,1,9360980
Colombia,2000,Gold,1,39629968
Indonesia,2004,Bronze,3,223285676
Croatia,2000,Bronze,9,4468302
Dominican Republic,2008,Gold,1,9458075
Slovenia,2012,Silver,1,2057159
Austria,1998,Bronze,12,7976789
Greece,2000,Gold,4,10805808
Hungary,1976,Gold,14,10598677
Finland,1968,Gold,2,4626469
United Kingdom,1964,Silver,19,54000000
United States of America,1994,Gold,6,263126000
Finland,1994,Silver,1,5088333
Germany,2004,Bronze,63,82516260
Sweden,2000,Silver,20,8872109
Norway,1964,Bronze,6,3694339
China,1984,Bronze,37,1036825000
Australia,1968,Silver,35,12009000
Bulgaria,1960,Bronze,3,7867374
Sweden,1988,Gold,7,8436489
Nigeria,1992,Silver,7,100161710
Zimbabwe,2008,Silver,3,12379549
United States of America,1988,Gold,89,244499000
United States of America,1964,Bronze,42,191889000
United States of America,1996,Gold,159,269394000
Russia,1984,Silver,15,142745000
Jamaica,1972,Bronze,1,1935100
Italy,2000,Gold,22,56942108
Belgium,2004,Bronze,2,10421137
Poland,1980,Gold,3,35574150
Denmark,1996,Silver,1,5263074
Belarus,2004,Silver,5,9730146
Jamaica,1984,Bronze,2,2306366
Serbia,2008,Bronze,14,7350222
Japan,2000,Bronze,8,126843000
Czech Republic,2014,Bronze,2,10525347
New Zealand,2012,Silver,3,4408100
Dominican Republic,1984,Bronze,1,6331764
Romania,1992,Gold,8,22794284
Portugal,1984,Bronze,2,9996232
Poland,1972,Bronze,11,33055650
Netherlands,2004,Silver,51,16281779
Colombia,2012,Silver,3,46076848
Germany,1972,Silver,88,78688452
Netherlands,1964,Gold,6,12127120
Hungary,1988,Bronze,15,10596487
Finland,1964,Bronze,7,4548543
Ireland,1984,Silver,1,3532423
Morocco,1992,Gold,1,25711406
Belgium,1992,Silver,1,10045158
Morocco,1992,Bronze,1,25711406
Germany,1984,Bronze,64,77858685
Thailand,1984,Silver,1,51094868
Norway,1980,Gold,1,4085620
Denmark,1968,Bronze,6,4864883
Belgium,2012,Silver,1,11106932
Trinidad,1960,Bronze,5,847979
Italy,2004,Bronze,39,57685327
Azerbaijan,2004,Bronze,4,8306500
Kenya,1992,Silver,4,25326078
Romania,1972,Gold,3,20657957
Romania,2008,Bronze,16,20537875
Cuba,2008,Bronze,11,11236971
Pakistan,1984,Gold,16,89213706
Zambia,1984,Bronze,1,6701540
Belgium,1976,Bronze,6,9818227
Norway,2006,Bronze,12,4660677
United States of America,1980,Silver,4,227225000
France,2002,Silver,5,61805267
Italy,1998,Silver,9,56906744
Czech Republic,2010,Gold,2,10474410
United Kingdom,1996,Silver,15,58166950
Slovakia,2012,Silver,1,5407579
United Kingdom,2012,Gold,48,63700300
United Kingdom,1984,Gold,11,56422072
Netherlands,2008,Silver,18,16445593
Liechtenstein,1980,Silver,2,25879
Russia,2006,Gold,16,143049528
Jamaica,2004,Gold,6,2725015
Ethiopia,2004,Silver,3,74239505
Morocco,1960,Silver,1,12328532
Switzerland,2002,Gold,3,7284753
France,1968,Silver,8,51175508
Cuba,2012,Bronze,6,11257101
Japan,1960,Silver,10,92500572
Switzerland,1976,Bronze,8,6302504
Uzbekistan,2000,Silver,1,24650400
Mexico,1964,Bronze,1,42771079
Finland,1992,Bronze,8,5041992
South Korea,2000,Gold,12,47008111
Kazakhstan,2008,Silver,4,15674000
Czech Republic,1972,Gold,3,9867632
United States of America,1994,Silver,8,263126000
Israel,2016,Bronze,2,8546000
Argentina,2012,Silver,15,41733271
Belarus,1994,Silver,2,10227000
Austria,2002,Bronze,13,8081957
United States of America,1976,Gold,73,218035000
Puerto Rico,1984,Bronze,1,3344190
Belarus,2016,Gold,1,9501534
Russia,2012,Bronze,51,143201676
Norway,2008,Silver,5,4768212
Trinidad,2008,Silver,1,1314443
France,2004,Bronze,22,62704895
Netherlands,1998,Silver,4,15707209
Kazakhstan,1996,Bronze,4,15577894
Paraguay,2004,Silver,17,5730549
Jamaica,2016,Gold,11,2906238
China,1984,Gold,24,1036825000
Thailand,2008,Silver,2,66530984
Kazakhstan,2004,Silver,4,15012985
Slovakia,2000,Gold,2,5388720
Argentina,2000,Bronze,3,36870787
Australia,1972,Bronze,2,13177000
Spain,1972,Bronze,1,34604469
Slovenia,2016,Gold,1,2065042
China,2008,Silver,53,1324655000
Brazil,1988,Gold,1,143627503
Spain,1992,Gold,48,39157685
Slovakia,1996,Bronze,1,5373361
Mauritius,2008,Bronze,1,1244121
Ukraine,2016,Bronze,5,45004645
Belgium,2016,Silver,17,11331422
South Africa,2016,Silver,7,56203654
Romania,1984,Bronze,35,22655940
Russia,1964,Gold,90,125345000
Canada,1996,Bronze,12,29610218
Senegal,1988,Silver,1,7086627
Lithuania,2008,Silver,2,3198231
Italy,1994,Bronze,12,56843400
Spain,2004,Silver,17,42921895
Cuba,1992,Silver,13,10736387
Finland,2014,Bronze,24,5461512
Sweden,2008,Silver,5,9219637
United Kingdom,2002,Bronze,1,59370479
Italy,1998,Gold,3,56906744
Poland,1972,Silver,8,33055650
Bulgaria,1976,Bronze,18,8758599
Croatia,1996,Silver,12,4557097
Romania,1968,Bronze,11,19799831
Iran,1968,Silver,1,27032571
Spain,1988,Silver,2,38766939
Morocco,2000,Bronze,4,28793679
France,1980,Gold,18,55161527
North Korea,2004,Silver,4,23732731
South Korea,1976,Bronze,15,35848523
Liechtenstein,1976,Bronze,2,23931
Italy,1968,Silver,8,53235750
Japan,1994,Bronze,2,124961000
France,1976,Silver,7,54220022
United States of America,2008,Gold,127,304093966
United States of America,1968,Silver,37,200706000
Trinidad,1996,Bronze,2,1257549
Canada,1976,Bronze,15,23449808
Czech Republic,2000,Gold,2,10255063
Bulgaria,2012,Bronze,1,7305888
Denmark,1992,Silver,2,5171370
China,2010,Silver,3,1337705000
France,1960,Bronze,8,46621669
Ghana,1992,Bronze,20,15653336
Slovakia,2010,Gold,1,5391428
United Kingdom,1976,Bronze,11,56211968
Russia,2004,Gold,48,144067054
Spain,1996,Gold,23,39889852
Luxembourg,1992,Silver,2,392175
Norway,1996,Silver,3,4381336
Algeria,2012,Gold,1,37383887
Belgium,1992,Bronze,2,10045158
Bulgaria,1976,Silver,13,8758599
Austria,2000,Silver,1,8011566
Austria,2002,Gold,3,8081957
South Korea,1996,Silver,49,45524681
Romania,1980,Gold,7,22242653
Russia,1994,Bronze,4,148336000
Argentina,2000,Silver,17,36870787
Finland,1988,Bronze,7,4946481
Finland,2002,Silver,5,5200598
Belgium,1960,Silver,2,9153489
Denmark,2008,Silver,7,5493621
Czech Republic,2014,Silver,7,10525347
Singapore,1960,Silver,1,1646400
Greece,2016,Silver,1,10775971
United States of America,2014,Silver,30,318386421
Cameroon,1968,Silver,1,6201413
Latvia,1992,Silver,2,2614338
Indonesia,2000,Gold,2,211513823
Afghanistan,2008,Bronze,1,27722276
Germany,2002,Silver,23,82488495
Azerbaijan,2016,Gold,1,9757812
Norway,1964,Gold,3,3694339
Russia,2004,Bronze,95,144067054
Iran,1996,Silver,1,62294920
Spain,1992,Bronze,3,39157685
Ethiopia,1996,Gold,2,58883530
Australia,1980,Silver,2,14692000
Switzerland,2016,Silver,3,8373338
Austria,1980,Gold,4,7549433
Switzerland,1994,Gold,4,6993795
Spain,1984,Silver,14,38330364
Slovenia,2014,Gold,2,2061980
France,1964,Silver,17,49230595
Greece,2004,Gold,8,10955141
Iran,2000,Gold,3,65623405
Cameroon,1984,Bronze,1,9757841
Israel,1992,Silver,1,5123000
Norway,2000,Gold,20,4490967
Ireland,2008,Bronze,2,4489544
Finland,1972,Gold,3,4639657
Cuba,1980,Gold,8,9849459
Belarus,2010,Silver,1,9490583
Spain,2008,Gold,7,45954106
Ethiopia,2008,Bronze,2,82916235
Denmark,1988,Bronze,3,5129516
Russia,1976,Silver,102,135147000
Australia,2016,Gold,23,24190907
Tunisia,2012,Silver,1,10847002
Estonia,2004,Silver,1,1362550
Hungary,1972,Bronze,25,10398489
Russia,1992,Gold,127,148689000
Finland,2016,Bronze,1,5495303
Indonesia,1996,Gold,2,199901228
Portugal,2016,Bronze,1,10325452
Turkey,1960,Gold,7,27472345
Lebanon,1980,Bronze,1,2588929
Brazil,1992,Gold,13,154259380
Greece,2016,Gold,3,10775971
Germany,1972,Bronze,112,78688452
Norway,2006,Gold,2,4660677
Bahamas,1964,Gold,2,133709
Norway,1968,Gold,15,3816486
Germany,2000,Gold,31,82211508
Turkey,1964,Bronze,1,30244261
Sweden,1980,Silver,8,8310531
Belgium,1964,Bronze,1,9378113
United Kingdom,2010,Gold,1,62766365
Georgia,2004,Silver,2,3927340
Thailand,2008,Gold,2,66530984
Norway,1980,Silver,5,4085620
Australia,1968,Gold,5,12009000
Cuba,2012,Gold,5,11257101
China,1988,Silver,16,1101630000
France,1972,Silver,6,52793138
United States of America,1964,Gold,96,191889000
Russia,2008,Silver,46,142742350
Uzbekistan,2016,Bronze,7,31847900
United States of America,2016,Gold,139,323071342
Estonia,2006,Gold,3,1346810
Venezuela,1960,Bronze,1,8141841
Japan,1972,Bronze,9,107188000
Portugal,1976,Silver,2,9355810
Uganda,1980,Silver,1,12442334
Czech Republic,2016,Bronze,12,10566332
Brazil,1996,Bronze,43,164614688
Spain,2004,Bronze,9,42921895
Brazil,2016,Gold,36,206163058
China,2012,Gold,56,1350695000
Croatia,2008,Bronze,3,4309705
Romania,1996,Silver,10,22619004
Serbia,2000,Bronze,13,7516346
Italy,1980,Gold,8,56433883
Russia,2016,Silver,28,144342396
Germany,2010,Gold,15,81776930
Bulgaria,1988,Silver,14,8981446
Sweden,1972,Silver,11,8122300
Ireland,1992,Gold,1,3558430
Egypt,2004,Gold,1,74172073
Norway,2000,Bronze,19,4490967
Netherlands,1964,Silver,11,12127120
Poland,1996,Gold,7,38624370
Japan,1988,Gold,4,122613000
United States of America,2004,Silver,75,292805298
Denmark,1968,Gold,5,4864883
Belgium,1976,Silver,3,9818227
Uruguay,1964,Bronze,1,2665388
Latvia,2006,Bronze,1,2218357
Bulgaria,2002,Silver,1,7837161
Greece,2000,Bronze,8,10805808
China,1994,Silver,1,1191835000
Belarus,1996,Gold,1,10160000
Puerto Rico,1996,Bronze,1,3724655
Zimbabwe,2004,Gold,1,12019912
Netherlands,1984,Bronze,14,14424211
Algeria,1996,Bronze,1,29266405
Jamaica,2008,Bronze,6,2781876
Tunisia,1964,Silver,1,4461114
Kenya,1968,Bronze,2,10539894
Macedonia,2000,Bronze,1,2034819
Japan,1964,Silver,5,97826000
Netherlands,2002,Gold,3,16148929
Serbia,2012,Silver,1,7199077
Germany,2008,Gold,42,82110097
Switzerland,1998,Gold,6,7110001
Iran,1996,Bronze,1,62294920
Italy,2002,Bronze,6,57059007
Denmark,1980,Gold,4,5123027
Argentina,1992,Bronze,2,33529326
Cuba,1980,Bronze,5,9849459
Ethiopia,2012,Silver,1,92726971
Bulgaria,1980,Silver,44,8861535
Chile,2000,Bronze,17,15342353
Indonesia,2008,Gold,2,235469762
Spain,1996,Silver,21,39889852
United Kingdom,1968,Silver,5,55211700
Denmark,1996,Bronze,1,5263074
Latvia,2010,Silver,3,2097555
Georgia,2012,Bronze,3,3728874
New Zealand,1960,Gold,2,2371800
Kazakhstan,2016,Gold,3,17794055
Syria,1960,Silver,1,4573512
Cuba,2004,Silver,8,11250365
Canada,2008,Bronze,11,33247118
United States of America,2000,Silver,61,282162411
Spain,1980,Silver,19,37491165
Russia,2014,Bronze,13,143819666
Austria,1988,Gold,4,7585317
Czech Republic,1984,Silver,24,10330213
Canada,2012,Silver,21,34714222
Norway,1976,Bronze,1,4026152
Australia,2016,Bronze,25,24190907
New Zealand,2004,Gold,4,4087500
Indonesia,2008,Bronze,3,235469762
Egypt,2004,Silver,1,74172073
United Kingdom,1988,Silver,17,56928327
Germany,2016,Bronze,67,82348669
Australia,1998,Bronze,1,18711000
Austria,1984,Gold,1,7561434
China,1992,Gold,18,1164970000
Austria,1968,Silver,10,7415403
Tonga,1996,Silver,1,96273
Eritrea,2004,Bronze,1,2719803
Hungary,1968,Silver,20,10255815
United Kingdom,1960,Bronze,15,52400000
Jamaica,2012,Bronze,8,2842132
Jamaica,2016,Bronze,2,2906238
Poland,1976,Silver,29,34356300
Norway,1960,Gold,5,3581239
France,2016,Silver,55,66859768
Algeria,2000,Gold,1,31042235
Kazakhstan,2010,Silver,1,16321872
Germany,1960,Gold,38,72814900
Austria,1994,Bronze,7,7936118
Germany,1998,Bronze,10,82047195
Finland,2002,Gold,7,5200598
Austria,1984,Bronze,2,7561434
Czech Republic,1998,Gold,21,10294373
Estonia,2004,Bronze,2,1362550
Latvia,2000,Bronze,1,2367550
United Kingdom,2012,Bronze,48,63700300
Czech Republic,2004,Silver,6,10197101
Ghana,1964,Bronze,1,7524472
Tajikistan,2008,Silver,1,7209930
Russia,1984,Gold,29,142745000
Ukraine,2016,Gold,2,45004645
Colombia,2012,Bronze,4,46076848
Lithuania,2012,Silver,1,2987773
Georgia,2016,Gold,2,3727505
Germany,1992,Silver,74,80624598
Malaysia,2012,Silver,1,29068159
Kenya,2008,Gold,6,39791981
Jamaica,2000,Bronze,3,2654701
Hungary,1996,Silver,9,10311238
Kenya,1996,Gold,1,28589451
Bulgaria,1960,Gold,1,7867374
Belgium,1984,Bronze,2,9855372
Belarus,2004,Bronze,8,9730146
Peru,1984,Silver,1,19319746
Cuba,1972,Silver,1,9025345
Bahamas,2016,Gold,1,377931
Czech Republic,1988,Silver,5,10355276
Netherlands,1972,Gold,7,13328593
Syria,1996,Gold,1,14754142
Uganda,1972,Gold,1,9929636
Sudan,2008,Silver,1,33060837
Chile,2008,Silver,1,16708258
Armenia,2000,Bronze,1,3069591
Poland,1988,Bronze,10,37824487
Czech Republic,1972,Silver,21,9867632
New Zealand,2016,Silver,25,4693200
Belarus,2008,Bronze,16,9527985
France,1964,Bronze,17,49230595
Dominican Republic,2016,Bronze,1,10397743
Hungary,2008,Gold,16,10038188
Trinidad,1976,Gold,1,1025107
South Africa,2012,Gold,6,52834005
Turkey,2012,Bronze,1,74653016
Norway,1988,Bronze,5,4209488
Mexico,2012,Bronze,3,117274155
Burundi,1996,Gold,1,6060111
Switzerland,2006,Bronze,9,7483934
Bulgaria,1980,Gold,8,8861535
Zambia,1996,Silver,1,9339733
Ecuador,1996,Gold,1,11703174
Italy,1988,Bronze,13,56629288
Canada,1984,Silver,37,25607053
Switzerland,2002,Silver,7,7284753
Bulgaria,1988,Gold,10,8981446
Lithuania,2004,Gold,1,3377075
Indonesia,2000,Silver,4,211513823
North Korea,1992,Gold,4,20937404
Italy,1988,Silver,11,56629288
France,1994,Bronze,10,59327192
Italy,1994,Gold,14,56843400
Pakistan,1964,Silver,16,49627623
Colombia,1972,Bronze,2,22516425
South Korea,1998,Bronze,2,46286503
Jamaica,2000,Silver,20,2654701
Kazakhstan,2012,Gold,7,16792089
Czech Republic,2008,Gold,3,10384603
Germany,2014,Silver,12,80982500
Norway,2000,Silver,4,4490967
Switzerland,2014,Silver,4,8188649
Nigeria,1984,Silver,1,81448755
Austria,1992,Bronze,10,7840709
Argentina,1960,Bronze,1,20481779
China,2012,Bronze,30,1350695000
North Korea,2004,Bronze,1,23732731
Kenya,2004,Gold,1,35635271
Mexico,2012,Gold,16,117274155
India,2008,Bronze,2,1200669765
Iran,2012,Bronze,3,75539862
Tunisia,2008,Gold,1,10414433
Canada,2014,Silver,22,35437435
United Kingdom,2006,Silver,1,60846820
Italy,2004,Gold,24,57685327
Belgium,1980,Gold,1,9859242
Kenya,2016,Silver,6,49051686
Romania,1996,Gold,13,22619004
South Africa,1996,Silver,1,42241011
Netherlands,1960,Silver,2,11486631
Uzbekistan,2004,Gold,2,25864350
Ukraine,1996,Bronze,19,51057189
Denmark,1960,Bronze,4,4579603
Slovenia,2014,Bronze,4,2061980
Belarus,2000,Bronze,11,9979610
Azerbaijan,2012,Gold,2,9295784
Cuba,2012,Silver,3,11257101
Jamaica,2012,Gold,8,2842132
Norway,1976,Gold,5,4026152
Czech Republic,2016,Silver,2,10566332
Morocco,2000,Silver,1,28793679
Brazil,1984,Bronze,2,132383568
Finland,2002,Bronze,1,5200598
Hungary,2008,Bronze,3,10038188
Japan,2016,Silver,13,126994511
Hungary,2012,Bronze,6,9920362
Serbia,2016,Silver,27,7058322
Mexico,2004,Silver,3,104514932
Australia,2008,Silver,42,21249200
France,1984,Silver,17,56337666
Romania,2000,Gold,27,22442971
Slovenia,2008,Gold,1,2021316
Mexico,1984,Silver,3,74352631
Argentina,1996,Silver,19,35246374
Mexico,2008,Bronze,2,110815271
New Zealand,1988,Gold,4,3283400
Canada,1964,Silver,4,19325000
Norway,1968,Silver,11,3816486
Azerbaijan,2012,Bronze,6,9295784
Ukraine,2014,Gold,4,45271947
South Korea,1972,Silver,1,33505406
Norway,1994,Gold,8,4336613
South Korea,1964,Silver,2,27984155
Jamaica,1968,Silver,1,1825879
Austria,1976,Gold,2,7565525
Mexico,1960,Bronze,1,37771859
Netherlands,2010,Bronze,6,16615394
Turkey,2012,Silver,2,74653016
Norway,1992,Gold,11,4286401
Austria,2008,Silver,1,8321496
Cuba,1992,Gold,42,10736387
Morocco,2012,Bronze,1,33241898
South Korea,2016,Silver,3,51245707
Chile,2004,Bronze,1,16014971
Denmark,2012,Silver,5,5591572
United Kingdom,2004,Bronze,15,59987905
Ethiopia,2016,Silver,2,103603501
Belarus,2014,Bronze,1,9474511
Russia,2016,Gold,52,144342396
South Africa,2004,Bronze,3,47291610
Portugal,1960,Silver,2,8857716
Russia,2006,Silver,12,143049528
Pakistan,1988,Bronze,1,101389603
Puerto Rico,2016,Gold,1,3406495
South Africa,1996,Gold,3,42241011
Norway,1998,Silver,15,4431464
Israel,2008,Bronze,1,7308800
Morocco,1984,Gold,2,22002643
Croatia,2002,Silver,1,4302174
Guyana,1980,Bronze,1,780153
Portugal,2012,Silver,2,10514844
Romania,1992,Silver,31,22794284
Nigeria,1964,Bronze,1,49066760
Mexico,1988,Bronze,2,80788721
Turkey,1968,Gold,2,33256464
Estonia,1992,Bronze,2,1533091
Kenya,2012,Bronze,5,44343410
South Korea,1976,Gold,1,35848523
Spain,2012,Gold,5,46773055
Italy,2004,Silver,41,57685327
Croatia,2002,Gold,3,4302174
Romania,1988,Bronze,16,23057662
Moldova,2000,Bronze,1,3639592
Germany,2006,Gold,23,82376451
Greece,1984,Bronze,1,9895801
Czech Republic,1972,Bronze,25,9867632
Ukraine,2012,Silver,5,45593300
Belarus,2010,Gold,1,9490583
Japan,1988,Bronze,14,122613000
Greece,1980,Gold,1,9642505
Algeria,1984,Bronze,2,21763575
Canada,1960,Gold,3,17909009
Azerbaijan,2008,Gold,1,8763400
Tunisia,1996,Bronze,1,9267340
Ukraine,1998,Silver,1,50143939
Hungary,2016,Bronze,7,9814023
Czech Republic,1988,Gold,3,10355276
Canada,2002,Gold,52,31360079
Iran,2004,Bronze,2,68951281
Sweden,2010,Gold,11,9378126
Germany,2010,Silver,24,81776930
Sweden,2012,Silver,17,9519374
Romania,1964,Gold,2,18919126
New Zealand,1972,Gold,9,2903900
Belgium,2000,Bronze,4,10251250
Serbia,2004,Silver,13,7463157
Kenya,2012,Gold,2,44343410
North Korea,1976,Silver,1,16554746
Finland,1992,Gold,7,5041992
Brazil,2000,Silver,12,174790340
Japan,2016,Bronze,34,126994511
Poland,2004,Bronze,6,38182222
Colombia,2016,Gold,3,48171392
Italy,2010,Gold,1,59277417
Poland,1980,Silver,25,35574150
Denmark,1964,Gold,7,4722072
Ukraine,2004,Gold,8,47451600
Spain,2000,Silver,19,40567864
Austria,1960,Silver,4,7047539
Norway,1972,Silver,10,3933004
Slovenia,1996,Silver,2,1988628
Finland,1960,Gold,6,4429634
Puerto Rico,1984,Silver,1,3344190
New Zealand,1996,Gold,3,3732000
Australia,2016,Silver,34,24190907
Norway,2014,Silver,5,5137232
Egypt,2004,Bronze,3,74172073
France,1994,Silver,1,59327192
Venezuela,2016,Silver,1,29846179
Brazil,1968,Silver,1,90387079
United States of America,2000,Gold,130,282162411
Canada,2000,Gold,4,30685730
Hungary,1996,Gold,8,10311238
Switzerland,1964,Gold,1,5789228
Estonia,2002,Gold,1,1379350
North Korea,1976,Gold,1,16554746
Russia,2010,Gold,6,142849449
Switzerland,1976,Gold,2,6302504
Iran,1960,Silver,1,21906914
Ethiopia,2016,Gold,1,103603501
Ireland,2016,Silver,3,4755335
Trinidad,2012,Gold,1,1344817
Denmark,1964,Bronze,4,4722072
Syria,1984,Silver,1,10293049
Australia,1964,Bronze,30,11167000
Estonia,2002,Bronze,1,1379350
Germany,1980,Bronze,79,78288576
Poland,2010,Gold,1,38042794
New Zealand,1968,Gold,5,2748100
Italy,1976,Silver,27,55718260
Uzbekistan,2000,Gold,1,24650400
Croatia,2016,Bronze,2,4174349
Uzbekistan,2004,Silver,1,25864350
Moldova,1996,Bronze,1,3667748
Australia,1992,Gold,14,17495000
Norway,2014,Gold,18,5137232
Japan,2012,Silver,44,127629000
"Virgin Islands, US",1988,Silver,1,100952
Netherlands,1976,Gold,1,13774037
India,2016,Bronze,1,1324509589
Czech Republic,2012,Gold,4,10510785
Russia,1964,Silver,71,125345000
Italy,1992,Bronze,22,56797087
South Korea,2008,Silver,11,49054708
Ethiopia,1980,Bronze,2,35141712
United States of America,2002,Bronze,15,287625193
Sweden,2014,Gold,8,9696110
Bahamas,2004,Bronze,1,318894
Algeria,2008,Silver,1,34730608
Kenya,1996,Silver,4,28589451
United Kingdom,2014,Gold,1,64613160
Turkey,2008,Bronze,3,70418604
Cuba,1976,Gold,6,9554188
Norway,2012,Gold,15,5018573
Poland,2014,Bronze,3,38011735
Norway,1984,Bronze,7,4140099
Denmark,2008,Gold,6,5493621
Czech Republic,1992,Bronze,28,10319123
Romania,1988,Silver,34,23057662
Trinidad,1964,Silver,1,902613
Canada,1968,Bronze,22,20744000
Italy,1984,Silver,6,56576718
Sweden,1976,Silver,1,8222286
Slovenia,2004,Silver,2,1997012
Russia,2014,Gold,33,143819666
Norway,2012,Silver,1,5018573
Finland,2006,Silver,34,5266268
Italy,1988,Gold,13,56629288
Kazakhstan,2016,Silver,5,17794055
Poland,1972,Gold,28,33055650
Japan,1992,Bronze,43,124229000
Mexico,1984,Bronze,1,74352631
Latvia,2014,Silver,5,1993782
India,2016,Silver,1,1324509589
South Korea,2010,Bronze,2,49554112
Romania,2004,Silver,5,21451748
Belgium,2008,Silver,4,10709973
United Kingdom,2000,Silver,20,58892514
Thailand,2000,Gold,1,62952642
Spain,1988,Bronze,2,38766939
Philippines,1988,Bronze,1,58795001
Switzerland,1998,Silver,5,7110001
Kazakhstan,2008,Gold,2,15674000
Norway,1988,Silver,26,4209488
France,2012,Silver,30,65659809
France,1988,Silver,4,57627105
Latvia,1992,Bronze,1,2614338
Canada,2006,Silver,28,32571174
Thailand,1992,Bronze,1,57811021
Russia,1980,Silver,158,139010000
Croatia,2010,Silver,2,4295427
India,2012,Bronze,4,1265782790
Turkey,2012,Gold,2,74653016
New Zealand,2008,Silver,2,4259800
Spain,2016,Gold,9,46483569
Mongolia,1988,Bronze,1,2089715
Fiji,2016,Gold,13,872399
United Kingdom,1976,Gold,7,56211968
Belgium,2008,Gold,1,10709973
Italy,2012,Bronze,30,59539717
Germany,2016,Gold,49,82348669
Germany,1972,Gold,83,78688452
China,1988,Gold,6,1101630000
Kazakhstan,2008,Bronze,7,15674000
South Korea,1984,Gold,6,40405956
Uzbekistan,2000,Bronze,2,24650400
Germany,2012,Gold,45,80425823
Slovakia,2008,Silver,5,5379233
South Korea,2012,Silver,13,50199853
Lithuania,2016,Silver,2,2868231
Netherlands,1998,Bronze,2,15707209
Czech Republic,1992,Gold,4,10319123
Netherlands,1976,Bronze,15,13774037
New Zealand,2012,Gold,9,4408100
Turkey,2008,Gold,1,70418604
Germany,1988,Gold,125,78144619
Bulgaria,1992,Bronze,7,8540164
Russia,1968,Gold,91,128928000
United Kingdom,2016,Gold,64,65595565
Thailand,2016,Bronze,2,68971331
Mongolia,1968,Silver,1,1207104
South Korea,2006,Bronze,2,48438292
Serbia,2012,Gold,1,7199077
Slovenia,1994,Bronze,3,1989443
South Korea,1984,Bronze,7,40405956
Netherlands,2002,Silver,5,16148929
Bulgaria,1964,Gold,3,8144340
Pakistan,1972,Silver,15,61381987
Iran,1968,Bronze,2,27032571
Austria,1964,Silver,9,7223801
Bulgaria,1996,Silver,12,8362826
Germany,1976,Bronze,111,78336950
Canada,2000,Silver,4,30685730
Austria,2002,Silver,4,8081957
Morocco,1988,Gold,1,23903592
Kenya,2008,Silver,4,39791981
Greece,2004,Silver,18,10955141
Puerto Rico,1992,Bronze,1,3585176
Austria,2006,Gold,16,8268641
Canada,2014,Bronze,5,35437435
South Korea,1984,Silver,28,40405956
Netherlands,1968,Silver,10,12729721
Austria,1984,Silver,1,7561434
Canada,1988,Silver,7,26791747
Latvia,2000,Silver,1,2367550
Armenia,2016,Silver,3,2936146
South Korea,1992,Gold,33,43747962
Denmark,2012,Bronze,8,5591572
Cuba,1968,Silver,10,8413552
Belarus,2016,Bronze,7,9501534
Netherlands,1964,Bronze,16,12127120
Ireland,1996,Bronze,1,3637510
South Korea,2006,Gold,14,48438292
Ireland,1980,Bronze,1,3412800
Latvia,2014,Bronze,6,1993782
France,1992,Gold,14,58851217
Cuba,2008,Gold,2,11236971
Belgium,1964,Gold,2,9378113
South Korea,2004,Gold,14,48082519
Turkey,1992,Bronze,2,55748948
Israel,2004,Gold,1,6809000
Romania,1964,Bronze,10,18919126
New Zealand,2016,Bronze,5,4693200
Netherlands,2000,Gold,27,15925513
France,2010,Silver,6,65027507
Russia,1960,Silver,70,119897000
Algeria,2008,Bronze,1,34730608
Japan,1964,Gold,32,97826000
Ethiopia,2012,Gold,3,92726971
Czech Republic,1980,Bronze,17,10304193
Poland,2006,Silver,1,38141267
Philippines,1964,Silver,1,29958688
South Korea,2004,Bronze,10,48082519
Morocco,2004,Gold,2,30115214
United Kingdom,1972,Bronze,12,56086065
United States of America,1992,Gold,94,256514000
Italy,1992,Silver,19,56797087
Lebanon,1972,Silver,1,2417836
Czech Republic,1980,Silver,18,10304193
United Kingdom,1992,Gold,8,57580402
Trinidad,2000,Silver,1,1267153
Jamaica,1976,Gold,1,2055365
Croatia,2012,Bronze,16,4267558
Moldova,2008,Bronze,1,3570108
Sweden,1984,Silver,20,8336605
Georgia,2008,Bronze,3,3848449
Jamaica,1996,Gold,1,2558637
Finland,2012,Bronze,4,5413971
Japan,2008,Bronze,13,128063000
Venezuela,2008,Bronze,1,27635832
Japan,2002,Bronze,1,127445000
Austria,2014,Gold,4,8546356
Slovenia,2008,Bronze,2,2021316
United States of America,1992,Bronze,87,256514000
Belgium,1996,Bronze,2,10156637
Switzerland,2006,Gold,5,7483934
Azerbaijan,2008,Bronze,4,8763400
Suriname,1992,Bronze,1,420655
Slovakia,2016,Silver,5,5430798
Germany,1998,Silver,12,82047195
Slovakia,2004,Silver,2,5372280
New Zealand,1992,Gold,1,3531700
Australia,2010,Gold,2,22031750
Romania,2016,Silver,2,19702332
Switzerland,2010,Gold,6,7824909
Slovenia,2000,Gold,3,1988925
Bulgaria,1972,Gold,6,8576200
South Korea,1994,Gold,7,44641540
Latvia,2012,Bronze,2,2034319
Italy,1980,Silver,24,56433883
Slovakia,2004,Bronze,5,5372280
Peru,1992,Silver,1,22966818
United States of America,1968,Bronze,36,200706000
Argentina,1988,Silver,1,31668949
Latvia,2008,Bronze,1,2177322
Italy,1972,Bronze,14,54381345
Australia,1960,Silver,24,10276477
New Zealand,1996,Bronze,4,3732000
Belgium,2016,Bronze,2,11331422
Tunisia,2012,Gold,1,10847002
China,1992,Silver,48,1164970000
Iceland,2008,Silver,14,317414
Switzerland,1988,Gold,8,6593386
Venezuela,2004,Bronze,2,25996594
Mongolia,2012,Bronze,3,2824699
Canada,2016,Silver,4,36109487
South Korea,1996,Gold,10,45524681
Norway,2010,Bronze,9,4889252
Ukraine,2008,Gold,10,46258200
United States of America,1964,Silver,39,191889000
Estonia,2008,Silver,2,1337090
Canada,1960,Bronze,1,17909009
Bulgaria,1960,Silver,3,7867374
Iran,2008,Gold,1,72120604
Kazakhstan,1996,Gold,3,15577894
Sweden,1980,Gold,6,8310531
Switzerland,1964,Silver,4,5789228
Canada,1998,Bronze,7,30155173
Egypt,2012,Silver,2,86422240
Russia,1988,Bronze,111,146857000
Sweden,1972,Gold,5,8122300
New Zealand,2012,Bronze,15,4408100
Costa Rica,2000,Bronze,2,3962372
Netherlands,1992,Gold,6,15184166
United States of America,1980,Bronze,2,227225000
Japan,1968,Gold,16,101061000
Kazakhstan,2012,Silver,1,16792089
Bulgaria,2008,Bronze,3,7492561
Japan,1992,Silver,10,124229000
Czech Republic,2006,Bronze,24,10238905
Latvia,1996,Silver,1,2457222
Canada,1992,Bronze,15,28371264
Austria,2004,Bronze,1,8171966
Sweden,1976,Gold,9,8222286
Switzerland,2014,Gold,6,8188649
United Kingdom,1968,Gold,9,55211700
South Africa,2000,Bronze,3,44967708
Sweden,1998,Bronze,5,8850974
Sweden,2006,Bronze,8,9080505
Brazil,2008,Bronze,30,192030362
Belgium,1968,Bronze,2,9618756
Uzbekistan,2008,Bronze,3,27302800
Uzbekistan,1996,Silver,1,23225000
Poland,2016,Gold,3,37970087
Slovenia,2010,Bronze,1,2048583
Japan,1984,Bronze,31,120018000
Uganda,2012,Gold,1,34559168
Georgia,2012,Gold,1,3728874
North Korea,2016,Gold,2,25307744
Italy,2010,Bronze,3,59277417
Germany,1980,Silver,101,78288576
Germany,1984,Gold,46,77858685
United States of America,1968,Gold,100,200706000
United Kingdom,1984,Silver,20,56422072
Portugal,2004,Silver,2,10483861
Finland,1976,Bronze,1,4725664
Austria,1994,Silver,3,7936118
United Kingdom,1980,Silver,18,56314216
Kuwait,2012,Bronze,1,3348853
Canada,1972,Silver,3,22218463
Canada,1992,Gold,32,28371264
Netherlands,1996,Bronze,26,15530498
Argentina,2008,Gold,20,40080160
Mexico,1972,Silver,1,54689943
China,1992,Bronze,19,1164970000
Switzerland,2008,Gold,3,7647675
France,2000,Bronze,14,60912500
Croatia,2016,Silver,15,4174349
United States of America,1984,Bronze,50,235825000
Russia,2000,Silver,67,146596557
Cuba,2000,Gold,18,11126430
Germany,1984,Silver,89,77858685
Switzerland,1968,Bronze,17,6067714
France,2014,Bronze,10,66316100
Finland,1976,Gold,9,4725664
Germany,1996,Silver,35,81914831
Belgium,2004,Gold,1,10421137
Australia,1984,Bronze,31,15544000
Czech Republic,1960,Silver,8,9602006
Cuba,1996,Gold,37,10939293
South Korea,1968,Silver,1,30838302
Malaysia,2016,Silver,7,30684804
Guatemala,2012,Silver,1,15270778
North Korea,1972,Silver,1,15207771
France,1976,Gold,5,54220022
New Zealand,1996,Silver,2,3732000
Thailand,1976,Bronze,1,43377271
Norway,1984,Gold,6,4140099
North Korea,1964,Silver,1,12282419
France,2014,Silver,4,66316100
Estonia,2000,Gold,1,1396985
Uzbekistan,2016,Gold,4,31847900
Cuba,1996,Silver,8,10939293
United States of America,2012,Gold,145,313874218
Austria,1968,Bronze,7,7415403
Czech Republic,1996,Silver,5,10315241
Austria,2000,Gold,3,8011566
Canada,1988,Bronze,18,26791747
Ethiopia,1992,Gold,1,51423585
Turkey,2016,Bronze,4,79821724
Italy,1964,Gold,14,51675350
Russia,2006,Bronze,13,143049528
Italy,1968,Bronze,20,53235750
Norway,2008,Bronze,1,4768212
Russia,1992,Bronze,81,148689000
Canada,2002,Silver,7,31360079
Germany,1994,Gold,18,81438348
Kenya,2000,Silver,3,31964557
Ethiopia,1996,Bronze,1,58883530
China,2006,Silver,5,1311020000
United States of America,2012,Silver,57,313874218
Bulgaria,2012,Silver,1,7305888
Netherlands,2000,Silver,29,15925513
Tanzania,1980,Silver,2,18538259
Finland,1994,Bronze,29,5088333
Brazil,2008,Silver,34,192030362
Austria,1964,Gold,5,7223801
Trinidad,1964,Bronze,5,902613
Colombia,2012,Gold,1,46076848
Czech Republic,2000,Bronze,4,10255063
Canada,2016,Gold,4,36109487
Estonia,2000,Bronze,2,1396985
Germany,1976,Silver,89,78336950
Iran,1992,Bronze,2,58780370
Spain,1984,Gold,2,38330364
Germany,1960,Bronze,23,72814900
Sweden,2008,Bronze,2,9219637
Spain,1960,Bronze,14,30455000
Philippines,2016,Silver,1,103663927
Turkey,2016,Silver,3,79821724
Venezuela,1984,Bronze,3,16876703
Switzerland,2004,Silver,2,7389625
Switzerland,2014,Bronze,20,8188649
United States of America,1992,Silver,57,256514000
Iran,2004,Silver,2,68951281
Serbia,2016,Gold,14,7058322
Ethiopia,2000,Silver,1,66224804
Russia,1998,Gold,14,147670692
Russia,1976,Gold,152,135147000
Switzerland,2004,Gold,1,7389625
Kenya,1988,Bronze,2,22153676
Russia,2010,Bronze,14,142849449
Norway,1960,Silver,6,3581239
Hungary,1988,Gold,20,10596487
Japan,1968,Bronze,22,101061000
Netherlands,2012,Gold,21,16754962
United Kingdom,2008,Gold,31,61806995
Zimbabwe,2008,Gold,1,12379549
United Kingdom,2012,Silver,30,63700300
Canada,2012,Gold,1,34714222
New Zealand,2000,Bronze,3,3857700
Romania,1984,Silver,31,22655940
Canada,1998,Gold,14,30155173
Austria,1996,Bronze,2,7959017
Argentina,1972,Silver,1,24653175
Bulgaria,1968,Bronze,3,8369603
China,2016,Silver,30,1378665000
Russia,1996,Silver,45,148160042
Ghana,1972,Bronze,1,9229631
Denmark,1976,Bronze,5,5072596
United States of America,2014,Bronze,24,318386421
Netherlands,2006,Gold,3,16346101
Singapore,2016,Gold,1,5607283
Romania,2016,Bronze,10,19702332
Italy,1964,Silver,30,51675350
Croatia,2012,Silver,4,4267558
Uganda,1972,Silver,1,9929636
Iran,1972,Silver,2,30075297
Kazakhstan,1994,Silver,2,16095199
Slovenia,2010,Silver,2,2048583
Norway,1964,Silver,6,3694339
Brazil,1984,Gold,1,132383568
United States of America,2010,Gold,12,309326085
Sweden,1984,Bronze,34,8336605
Czech Republic,1964,Silver,37,9727804
Turkey,2008,Silver,3,70418604
Canada,1992,Silver,33,28371264
Kazakhstan,1998,Bronze,2,15071300
Turkey,2016,Gold,1,79821724
Switzerland,1988,Silver,13,6593386
Jamaica,1992,Bronze,1,2461049
Greece,2000,Silver,6,10805808
Russia,1972,Gold,143,131909000
Cuba,2004,Bronze,22,11250365
Switzerland,1980,Bronze,3,6319408
Bahamas,2016,Bronze,5,377931
South Korea,2008,Bronze,26,49054708
Norway,1996,Gold,2,4381336
China,2014,Silver,4,1364270000
Ireland,2000,Silver,1,3805174
Syria,1960,Bronze,1,4573512
Turkey,1988,Gold,1,52053765
Finland,2008,Silver,2,5313399
Mongolia,2004,Bronze,1,2496391
Denmark,1988,Gold,3,5129516
Japan,2008,Gold,23,128063000
Switzerland,1960,Gold,2,5327827
Dominican Republic,2012,Gold,1,9930911
Bulgaria,1992,Gold,3,8540164
Switzerland,2006,Silver,7,7483934
Mexico,1968,Silver,3,48431972
Japan,1968,Silver,25,101061000
Russia,1960,Gold,68,119897000
France,2000,Gold,22,60912500
Australia,1994,Bronze,4,17855000
Denmark,2016,Gold,15,5728010
Ireland,2008,Silver,1,4489544
Hungary,2016,Gold,12,9814023
Iran,2008,Bronze,1,72120604
Lithuania,1996,Bronze,11,3601613
United Kingdom,2004,Silver,25,59987905
Tunisia,1968,Bronze,1,4845219
Germany,2014,Bronze,9,80982500
India,2004,Silver,1,1129623456
Poland,1992,Silver,22,38363667
Malaysia,2008,Silver,1,27236006
Japan,1960,Gold,9,92500572
Australia,2012,Bronze,59,22733465
Trinidad,2008,Gold,5,1314443
Czech Republic,1988,Bronze,8,10355276
Poland,1976,Gold,18,34356300
Argentina,2012,Bronze,3,41733271
Vietnam,2008,Silver,1,86243413
Australia,2008,Bronze,76,21249200
Brazil,2012,Bronze,11,199287296
Iran,1996,Gold,1,62294920
Netherlands,1984,Silver,7,14424211
Tajikistan,2012,Bronze,1,7874835
Vietnam,2016,Gold,1,93638724
Netherlands,2006,Silver,2,16346101
Israel,2004,Bronze,1,6809000
Russia,1960,Bronze,73,119897000
Iran,2016,Gold,3,79564016
United States of America,2016,Silver,54,323071342
Bulgaria,1998,Gold,1,8256786
China,1984,Silver,13,1036825000
Serbia,1996,Silver,12,7617794
South Korea,1992,Silver,6,43747962
France,2014,Gold,4,66316100
Poland,1980,Bronze,22,35574150
Belgium,1988,Bronze,2,9901664
Netherlands,2004,Bronze,22,16281779
Slovakia,2006,Silver,1,5373054
Romania,2000,Silver,6,22442971
Netherlands,2008,Gold,39,16445593
South Korea,2010,Gold,6,49554112
Norway,1984,Silver,6,4140099
Kenya,1992,Gold,2,25326078
Sweden,1994,Gold,23,8780745
United States of America,2002,Gold,11,287625193
Germany,2012,Silver,27,80425823
Cuba,2004,Gold,32,11250365
Canada,1984,Bronze,33,25607053
Spain,2016,Silver,19,46483569
Brazil,2000,Bronze,36,174790340
Poland,1996,Silver,8,38624370
Jamaica,1996,Bronze,12,2558637
United States of America,1998,Gold,25,275854000
Iran,2016,Silver,1,79564016
Turkey,1984,Bronze,3,48114155
Azerbaijan,2000,Bronze,1,8048600
Brazil,2008,Gold,14,192030362
Hungary,2000,Bronze,4,10210971
Mongolia,2008,Silver,2,2631898
South Korea,2016,Gold,13,51245707
Sweden,1960,Bronze,5,7484656
Canada,1994,Silver,29,29000663
Tajikistan,2008,Bronze,1,7209930
Czech Republic,2010,Bronze,7,10474410
Switzerland,1968,Silver,5,6067714
Estonia,2002,Silver,1,1379350
Belarus,1996,Bronze,16,10160000
Kazakhstan,2014,Bronze,1,17288285
Austria,1992,Silver,16,7840709
Australia,2012,Gold,18,22733465
Belarus,2006,Silver,1,9604924
Italy,1972,Silver,8,54381345
United States of America,1972,Bronze,46,209896000
Denmark,1976,Gold,3,5072596
Japan,2008,Silver,15,128063000
Kenya,1968,Gold,3,10539894
Poland,2000,Bronze,7,38258629
Mozambique,1996,Bronze,1,15960442
Dominican Republic,2004,Gold,1,8974444
Cuba,2000,Silver,35,11126430
Japan,1996,Bronze,13,125757000
Hungary,1960,Silver,16,9983967
United Kingdom,1960,Gold,2,52400000
Canada,1988,Gold,4,26791747
Poland,2010,Bronze,4,38042794
Finland,2000,Gold,3,5176209
Spain,2012,Silver,33,46773055
South Africa,1960,Bronze,2,17099840
Australia,2010,Silver,1,22031750
Japan,1976,Gold,25,112771000
Netherlands,1960,Bronze,3,11486631
United Kingdom,1964,Gold,6,54000000
Hungary,2012,Silver,8,9920362
Bulgaria,2000,Gold,5,8170172
Zimbabwe,2004,Silver,1,12019912
Austria,2004,Gold,3,8171966
Netherlands,1972,Silver,4,13328593
Jamaica,1988,Silver,7,2389411
Norway,2010,Gold,16,4889252
Argentina,1988,Bronze,12,31668949
United Kingdom,1988,Bronze,15,56928327
Norway,2002,Bronze,7,4538159
France,2016,Gold,20,66859768
France,1998,Silver,1,60186288
Argentina,1960,Silver,3,20481779
Sweden,2004,Silver,5,8993531
Netherlands,2010,Gold,4,16615394
Canada,2016,Bronze,61,36109487
Italy,2016,Silver,40,60627498
Ethiopia,2008,Silver,1,82916235
Thailand,1996,Bronze,1,60130186
Poland,1992,Bronze,19,38363667
Austria,1998,Gold,3,7976789
Iceland,2000,Bronze,1,281205
Germany,2008,Bronze,41,82110097
Netherlands,2014,Gold,13,16865008
Canada,1998,Silver,28,30155173
Switzerland,2000,Gold,1,7184250
Croatia,2000,Gold,1,4468302
Poland,1964,Silver,13,31139450
Argentina,2004,Bronze,21,38491972
Russia,1968,Silver,69,128928000
Algeria,1992,Gold,1,27028326
Russia,1980,Bronze,133,139010000
United States of America,2002,Silver,58,287625193
Argentina,2012,Gold,1,41733271
Kenya,2000,Bronze,2,31964557
Costa Rica,1996,Gold,1,3632362
Japan,1996,Gold,3,125757000
Canada,1972,Bronze,9,22218463
United Kingdom,1984,Bronze,42,56422072
China,2010,Bronze,7,1337705000
Australia,1972,Silver,7,13177000
France,1976,Bronze,9,54220022
Germany,2002,Bronze,12,82488495
Morocco,1992,Silver,1,25711406
Israel,1996,Bronze,1,5692000
United States of America,1984,Silver,121,235825000
Norway,2010,Silver,14,4889252
United States of America,1988,Bronze,58,244499000
Hungary,1972,Gold,10,10398489
Bulgaria,1972,Silver,10,8576200
Italy,1976,Bronze,5,55718260
Romania,2008,Silver,1,20537875
Lithuania,2008,Bronze,3,3198231
South Korea,2004,Silver,28,48082519
Mexico,1976,Gold,1,61242190
Germany,2000,Bronze,64,82211508
Italy,2012,Silver,22,59539717
Canada,2004,Gold,3,31940655
Denmark,1992,Bronze,9,5171370
France,1992,Bronze,44,58851217
Mongolia,1972,Silver,1,1356670
Cuba,2008,Silver,34,11236971
Russia,1994,Silver,13,148336000
Hungary,1964,Bronze,7,10119835
Slovakia,2016,Gold,3,5430798
South Korea,1988,Bronze,12,42031247
Finland,1984,Bronze,18,4881803
Pakistan,1960,Gold,13,44988690
Germany,1968,Bronze,44,77294314
Ireland,1964,Bronze,1,2866550
Sweden,2000,Bronze,8,8872109
Norway,1996,Bronze,18,4381336
South Korea,1994,Silver,1,44641540
Brazil,2016,Bronze,6,206163058
Iran,1992,Silver,1,58780370
Russia,2002,Gold,6,145306046
Netherlands,1976,Silver,4,13774037
North Korea,1972,Gold,1,15207771
Japan,1996,Silver,26,125757000
Sweden,2002,Bronze,24,8924958
Ukraine,2000,Bronze,12,49175848
Ukraine,1994,Gold,1,51921041
Iran,1972,Bronze,1,30075297
Greece,1980,Bronze,4,9642505
Hungary,1968,Bronze,29,10255815
United States of America,1972,Gold,72,209896000
Czech Republic,1996,Gold,4,10315241
Lithuania,2016,Bronze,5,2868231
Japan,2006,Gold,1,127854000
Turkey,2004,Bronze,5,67010930
Poland,2006,Bronze,1,38141267
Denmark,1964,Silver,1,4722072
Czech Republic,1960,Bronze,11,9602006
Switzerland,1994,Silver,8,6993795
Kazakhstan,1996,Silver,4,15577894
Japan,2000,Gold,5,126843000
Kenya,1992,Bronze,2,25326078
Switzerland,1972,Silver,11,6260956
Iran,2004,Gold,2,68951281
Denmark,1980,Silver,2,5123027
Denmark,2000,Gold,18,5339616
Singapore,2012,Bronze,4,5312437
Germany,1998,Gold,22,82047195
Trinidad,2016,Bronze,1,1377564
Nigeria,1996,Bronze,3,110668794
South Africa,2012,Silver,2,52834005
Niger,2016,Silver,1,20788838
Qatar,2012,Bronze,2,2196074
Belarus,2004,Gold,2,9730146
Romania,1976,Bronze,23,21551634
Brazil,1980,Gold,4,120694009
United States of America,2012,Bronze,46,313874218
North Korea,1996,Gold,2,22113438
Romania,2016,Gold,4,19702332
Mexico,1984,Gold,2,74352631
South Korea,1998,Gold,6,46286503
Switzerland,1972,Gold,7,6260956
Hungary,2000,Gold,25,10210971
Spain,1980,Gold,2,37491165
Netherlands,2008,Bronze,4,16445593
Japan,1998,Gold,8,126400000
Liechtenstein,1988,Bronze,1,28129
Kenya,2008,Bronze,5,39791981
Sweden,1992,Silver,27,8668067
France,2016,Bronze,21,66859768
Sweden,1994,Silver,1,8780745
South Africa,1992,Silver,3,38672607
Russia,1998,Silver,32,147670692
United States of America,2004,Gold,117,292805298
Kazakhstan,2004,Gold,1,15012985
Austria,1996,Silver,1,7959017
Finland,1998,Silver,7,5153498
Ukraine,2000,Silver,20,49175848
Nigeria,2016,Bronze,18,185960289
Azerbaijan,2000,Gold,2,8048600
Slovenia,2002,Bronze,4,1994530
Romania,2004,Bronze,11,21451748
Finland,1988,Gold,8,4946481
Lithuania,2000,Bronze,15,3499536
South Korea,2000,Bronze,35,47008111
Australia,2014,Bronze,1,23475686
North Korea,1980,Bronze,2,17472140
Namibia,1996,Silver,2,1663378
Croatia,2008,Silver,2,4309705
Austria,1972,Silver,3,7544201
Bulgaria,2006,Silver,1,7601022
Jamaica,1976,Silver,1,2055365
Uruguay,2000,Silver,1,3319736
United Kingdom,1998,Bronze,4,58487141
Denmark,2000,Silver,3,5339616
Belarus,2016,Silver,4,9501534
Moldova,2012,Bronze,2,3559519
United States of America,1960,Silver,27,180671000
Iran,1968,Gold,2,27032571
Ireland,2012,Gold,1,4599533
United Kingdom,2008,Silver,25,61806995
Serbia,2016,Bronze,13,7058322
Russia,2008,Gold,43,142742350
Finland,1980,Silver,6,4779535
Ukraine,2012,Bronze,12,45593300
Finland,1992,Silver,5,5041992
Cuba,1992,Bronze,14,10736387
Uzbekistan,2016,Silver,2,31847900
Germany,1988,Bronze,104,78144619
Switzerland,1984,Silver,11,6441865
Finland,1980,Bronze,11,4779535
Austria,1960,Bronze,3,7047539
Nigeria,1992,Bronze,4,100161710
Nigeria,2008,Bronze,7,150269623
France,1988,Bronze,14,57627105
Jamaica,1984,Silver,5,2306366
Malaysia,1996,Bronze,1,21017613
Switzerland,2010,Bronze,6,7824909
Sweden,1968,Bronze,7,7912273
South Africa,2012,Bronze,1,52834005
Canada,1960,Silver,26,17909009
Norway,2012,Bronze,1,5018573
Canada,2000,Bronze,23,30685730
Georgia,2012,Silver,3,3728874
Russia,1994,Gold,19,148336000
Canada,1996,Silver,30,29610218
Czech Republic,1976,Bronze,9,10125939
Grenada,2012,Gold,1,107446
Denmark,1984,Silver,3,5111619
China,2014,Gold,3,1364270000
Curacao,1988,Silver,1,149254
Japan,1976,Silver,6,112771000
New Zealand,1984,Bronze,6,3227100
Trinidad,2004,Bronze,1,1290123
Australia,1988,Silver,6,16532200
Dominican Republic,2008,Silver,1,9458075
Croatia,1996,Gold,16,4557097
Bulgaria,1996,Bronze,6,8362826
Russia,2000,Bronze,54,146596557
Slovenia,2014,Silver,2,2061980
Germany,1994,Bronze,12,81438348
Turkey,1964,Gold,2,30244261
Bulgaria,2004,Silver,1,7716860
Czech Republic,2006,Silver,2,10238905
Turkey,2000,Gold,3,63240194
Bulgaria,2008,Silver,1,7492561
Brazil,1960,Bronze,13,72179226
Czech Republic,1968,Bronze,16,9876346
Romania,1992,Bronze,14,22794284
France,1984,Gold,20,56337666
United Kingdom,2008,Bronze,25,61806995
Lithuania,1992,Bronze,12,3700114
Serbia,1996,Bronze,13,7617794
Hungary,2008,Silver,8,10038188
South Korea,1998,Silver,4,46286503
Tunisia,2016,Bronze,3,11303946
Thailand,2004,Gold,3,64995299
Suriname,1988,Gold,1,388881
France,2008,Silver,24,64374984
Georgia,2016,Bronze,4,3727505
Argentina,2016,Gold,21,43590368
Malaysia,1996,Silver,2,21017613
Ivory Coast,1984,Silver,1,9530107
China,2002,Silver,5,1280400000
Indonesia,2012,Silver,1,248452413
Poland,2014,Gold,4,38011735
Japan,2014,Gold,1,127276000
Spain,1984,Bronze,3,38330364
Poland,1976,Bronze,26,34356300
Italy,1976,Gold,3,55718260
Australia,1988,Gold,18,16532200
Mexico,2012,Silver,5,117274155
Namibia,1992,Silver,2,1516958
Netherlands,2016,Silver,25,17030314
Israel,1992,Bronze,1,5123000
Tajikistan,2016,Gold,1,8663579
Croatia,2016,Gold,7,4174349
Niger,1972,Bronze,1,4768227
Argentina,2004,Gold,28,38491972
Spain,2016,Bronze,17,46483569
Estonia,2016,Bronze,4,1315790
Czech Republic,1976,Gold,2,10125939
Japan,1992,Gold,6,124229000
Australia,1992,Silver,27,17495000
Japan,1984,Gold,10,120018000
United States of America,1976,Bronze,41,218035000
South Korea,2010,Silver,10,49554112
Cuba,1976,Silver,4,9554188
Ethiopia,2000,Bronze,3,66224804
Brazil,1976,Bronze,3,109790938
United Kingdom,2014,Silver,4,64613160
Ethiopia,2012,Bronze,3,92726971
Poland,1964,Bronze,23,31139450
Bulgaria,1976,Gold,8,8758599
Italy,1998,Bronze,5,56906744
Tunisia,1968,Gold,1,4845219
Bermuda,1976,Bronze,1,53200
Czech Republic,1984,Bronze,4,10330213
Finland,1964,Silver,7,4548543
Armenia,2012,Silver,1,2884229
Belarus,2010,Bronze,1,9490583
Brazil,2012,Silver,34,199287296
Sweden,1968,Silver,11,7912273
Kenya,1972,Bronze,4,12146068
Slovakia,2008,Gold,4,5379233
Norway,2006,Silver,9,4660677
Germany,1968,Silver,41,77294314
Bahamas,2004,Gold,1,318894
Bulgaria,2004,Gold,2,7716860
Brazil,2012,Gold,14,199287296
Czech Republic,2002,Gold,1,10196916
Italy,2000,Silver,14,56942108
Morocco,2008,Bronze,1,31536811
Netherlands,2010,Silver,1,16615394
Lithuania,2012,Bronze,2,2987773
Sweden,2012,Bronze,3,9519374
Germany,2012,Bronze,22,80425823
Greece,2016,Bronze,3,10775971
Canada,1996,Gold,8,29610218
Poland,2002,Bronze,1,38230364
Sweden,1998,Silver,2,8850974
Bulgaria,2016,Silver,1,7127822
South Korea,1994,Bronze,1,44641540
Algeria,2000,Bronze,3,31042235
Colombia,1972,Silver,1,22516425
Australia,2012,Silver,37,22733465
France,2008,Bronze,28,64374984
Denmark,1960,Silver,17,4579603
Uganda,1968,Silver,1,8841153
Poland,1992,Gold,5,38363667
Mexico,1968,Bronze,3,48431972
Romania,1980,Bronze,46,22242653
Czech Republic,2008,Silver,4,10384603
